{"deltas": [0.9323938199059483, 0.8781841319085075, 0.8271262132707955, 0.7790368190699232, 0.7337433583040002, 0.6910832744696108, 0.650903462152723, 0.6130597175391944, 0.5774162208727844, 0.543845049003228, 0.512225716274927, 0.4824447421085276, 0.45439524372344914, 0.4279765525396596, 0.4030938528819812, 0.37965784169024824, 0.35758440801402963, 0.33679433114163526, 0.3172129962800031, 0.298770126765052, 0.28139953184141436, 0.26503886910634006, 0.249629420765189, 0.2351158828955067, 0.22144616696335484, 0.20857121287954986, 0.19644481292487337, 0.18502344591233005, 0.17426612099126773, 0.16413423053277693, 0.15459141156838344, 0.14560341528474074, 0.1371379841059458, 0.1291647359223283, 0.12165505505021836, 0.11458198953134884, 0.10792015440330499, 0.10164564059386241, 0.0957359291122386, 0.09016981022929378, 0.08492730735662193, 0.07998960535133656, 0.07533898298924097, 0.07095874936402964, 0.06683318398426269, 0.06294748035312125, 0.059287692828454974, 0.05584068657240446, 0.05259409041096882, 0.04953625243433427, 0.04665619817861364, 0.043943591238914545, 0.041388696172376144, 0.038982343558035884, 0.03671589708812755, 0.03458122257270199, 0.03257065874632943, 0.030676989772110207, 0.028893419344311232, 0.027213546296683867, 0.02563134162892242, 0.024141126868811865, 0.022737553692407788, 0.021415584729105538, 0.02017047548270934, 0.01899775730361632, 0.017893221351003474, 0.016852903487458555, 0.015873070051841964, 0.014950204459319435, 0.014080994580472947, 0.013262320854194817, 0.012491245091701719, 0.011764999931487094, 0.01108097890736644, 0.010436727093969448, 0.00982993229610648, 0.009258416750388193, 0.00872012930931587, 0.00821313807979118, 0.007735623489625519, 0.007285871757164896, 0.0068622687405928825, 0.006463294144837138, 0.006087516065288456, 0.005733585848749717, 0.00540023325317094, 0.0050862618887990325, 0.004790544924380627, 0.004512021043007637, 0.0042496906330913645, 0.004002612200794626, 0.003769898991046289, 0.003550715805011116, 0.0033442760025930267, 0.0031498386792137454, 0.002966706006734563, 0.0027942207289777493, 0.0026317638028591868, 0.0024787521766663607], "probas": [{"0": {"0": 0.06760618009405173, "1": 0.0}, "1": {"0": 0.0, "1": 0.06760618009405173}, "2": {"0": 0.9323938199059483, "1": 0.9323938199059483}}, {"0": {"0": 0.12181586809149247, "1": 0.0}, "1": {"0": 0.0, "1": 0.12181586809149247}, "2": {"0": 0.8781841319085075, "1": 0.8781841319085075}}, {"0": {"0": 0.1728737867292045, "1": 0.0}, "1": {"0": 0.0, "1": 0.1728737867292045}, "2": {"0": 0.8271262132707955, "1": 0.8271262132707955}}, {"0": {"0": 0.22096318093007683, "1": 0.0}, "1": {"0": 0.0, "1": 0.22096318093007683}, "2": {"0": 0.7790368190699232, "1": 0.7790368190699232}}, {"0": {"0": 0.26625664169599983, "1": 0.0}, "1": {"0": 0.0, "1": 0.26625664169599983}, "2": {"0": 0.7337433583040002, "1": 0.7337433583040002}}, {"0": {"0": 0.3089167255303892, "1": 0.0}, "1": {"0": 0.0, "1": 0.3089167255303892}, "2": {"0": 0.6910832744696108, "1": 0.6910832744696108}}, {"0": {"0": 0.349096537847277, "1": 0.0}, "1": {"0": 0.0, "1": 0.349096537847277}, "2": {"0": 0.650903462152723, "1": 0.650903462152723}}, {"0": {"0": 0.3869402824608056, "1": 0.0}, "1": {"0": 0.0, "1": 0.3869402824608056}, "2": {"0": 0.6130597175391944, "1": 0.6130597175391944}}, {"0": {"0": 0.42258377912721556, "1": 0.0}, "1": {"0": 0.0, "1": 0.42258377912721556}, "2": {"0": 0.5774162208727844, "1": 0.5774162208727844}}, {"0": {"0": 0.45615495099677195, "1": 0.0}, "1": {"0": 0.0, "1": 0.45615495099677195}, "2": {"0": 0.543845049003228, "1": 0.543845049003228}}, {"0": {"0": 0.48777428372507303, "1": 0.0}, "1": {"0": 0.0, "1": 0.48777428372507303}, "2": {"0": 0.512225716274927, "1": 0.512225716274927}}, {"0": {"0": 0.5175552578914724, "1": 0.0}, "1": {"0": 0.0, "1": 0.5175552578914724}, "2": {"0": 0.4824447421085276, "1": 0.4824447421085276}}, {"0": {"0": 0.5456047562765509, "1": 0.0}, "1": {"0": 0.0, "1": 0.5456047562765509}, "2": {"0": 0.45439524372344914, "1": 0.45439524372344914}}, {"0": {"0": 0.5720234474603404, "1": 0.0}, "1": {"0": 0.0, "1": 0.5720234474603404}, "2": {"0": 0.4279765525396596, "1": 0.4279765525396596}}, {"0": {"0": 0.5969061471180188, "1": 0.0}, "1": {"0": 0.0, "1": 0.5969061471180188}, "2": {"0": 0.4030938528819812, "1": 0.4030938528819812}}, {"0": {"0": 0.6203421583097517, "1": 0.0}, "1": {"0": 0.0, "1": 0.6203421583097517}, "2": {"0": 0.37965784169024824, "1": 0.37965784169024824}}, {"0": {"0": 0.6424155919859704, "1": 0.0}, "1": {"0": 0.0, "1": 0.6424155919859704}, "2": {"0": 0.35758440801402963, "1": 0.35758440801402963}}, {"0": {"0": 0.6632056688583647, "1": 0.0}, "1": {"0": 0.0, "1": 0.6632056688583647}, "2": {"0": 0.33679433114163526, "1": 0.33679433114163526}}, {"0": {"0": 0.6827870037199969, "1": 0.0}, "1": {"0": 0.0, "1": 0.6827870037199969}, "2": {"0": 0.3172129962800031, "1": 0.3172129962800031}}, {"0": {"0": 0.701229873234948, "1": 0.0}, "1": {"0": 0.0, "1": 0.701229873234948}, "2": {"0": 0.298770126765052, "1": 0.298770126765052}}, {"0": {"0": 0.7186004681585856, "1": 0.0}, "1": {"0": 0.0, "1": 0.7186004681585856}, "2": {"0": 0.28139953184141436, "1": 0.28139953184141436}}, {"0": {"0": 0.7349611308936599, "1": 0.0}, "1": {"0": 0.0, "1": 0.7349611308936599}, "2": {"0": 0.26503886910634006, "1": 0.26503886910634006}}, {"0": {"0": 0.750370579234811, "1": 0.0}, "1": {"0": 0.0, "1": 0.750370579234811}, "2": {"0": 0.249629420765189, "1": 0.249629420765189}}, {"0": {"0": 0.7648841171044933, "1": 0.0}, "1": {"0": 0.0, "1": 0.7648841171044933}, "2": {"0": 0.2351158828955067, "1": 0.2351158828955067}}, {"0": {"0": 0.7785538330366452, "1": 0.0}, "1": {"0": 0.0, "1": 0.7785538330366452}, "2": {"0": 0.22144616696335484, "1": 0.22144616696335484}}, {"0": {"0": 0.7914287871204502, "1": 0.0}, "1": {"0": 0.0, "1": 0.7914287871204502}, "2": {"0": 0.20857121287954986, "1": 0.20857121287954986}}, {"0": {"0": 0.8035551870751266, "1": 0.0}, "1": {"0": 0.0, "1": 0.8035551870751266}, "2": {"0": 0.19644481292487337, "1": 0.19644481292487337}}, {"0": {"0": 0.8149765540876699, "1": 0.0}, "1": {"0": 0.0, "1": 0.8149765540876699}, "2": {"0": 0.18502344591233005, "1": 0.18502344591233005}}, {"0": {"0": 0.8257338790087323, "1": 0.0}, "1": {"0": 0.0, "1": 0.8257338790087323}, "2": {"0": 0.17426612099126773, "1": 0.17426612099126773}}, {"0": {"0": 0.8358657694672231, "1": 0.0}, "1": {"0": 0.0, "1": 0.8358657694672231}, "2": {"0": 0.16413423053277693, "1": 0.16413423053277693}}, {"0": {"0": 0.8454085884316166, "1": 0.0}, "1": {"0": 0.0, "1": 0.8454085884316166}, "2": {"0": 0.15459141156838344, "1": 0.15459141156838344}}, {"0": {"0": 0.8543965847152593, "1": 0.0}, "1": {"0": 0.0, "1": 0.8543965847152593}, "2": {"0": 0.14560341528474074, "1": 0.14560341528474074}}, {"0": {"0": 0.8628620158940542, "1": 0.0}, "1": {"0": 0.0, "1": 0.8628620158940542}, "2": {"0": 0.1371379841059458, "1": 0.1371379841059458}}, {"0": {"0": 0.8708352640776718, "1": 0.0}, "1": {"0": 0.0, "1": 0.8708352640776718}, "2": {"0": 0.1291647359223283, "1": 0.1291647359223283}}, {"0": {"0": 0.8783449449497817, "1": 0.0}, "1": {"0": 0.0, "1": 0.8783449449497817}, "2": {"0": 0.12165505505021836, "1": 0.12165505505021836}}, {"0": {"0": 0.8854180104686512, "1": 0.0}, "1": {"0": 0.0, "1": 0.8854180104686512}, "2": {"0": 0.11458198953134884, "1": 0.11458198953134884}}, {"0": {"0": 0.892079845596695, "1": 0.0}, "1": {"0": 0.0, "1": 0.892079845596695}, "2": {"0": 0.10792015440330499, "1": 0.10792015440330499}}, {"0": {"0": 0.8983543594061376, "1": 0.0}, "1": {"0": 0.0, "1": 0.8983543594061376}, "2": {"0": 0.10164564059386241, "1": 0.10164564059386241}}, {"0": {"0": 0.9042640708877614, "1": 0.0}, "1": {"0": 0.0, "1": 0.9042640708877614}, "2": {"0": 0.0957359291122386, "1": 0.0957359291122386}}, {"0": {"0": 0.9098301897707062, "1": 0.0}, "1": {"0": 0.0, "1": 0.9098301897707062}, "2": {"0": 0.09016981022929378, "1": 0.09016981022929378}}, {"0": {"0": 0.9150726926433781, "1": 0.0}, "1": {"0": 0.0, "1": 0.9150726926433781},