{"deltas": [0.9048374180359595, 0.8869204367171575, 0.8693582353988059, 0.8521437889662113, 0.835270211411272, 0.8187307530779818, 0.8025187979624785, 0.7866278610665534, 0.7710515858035663, 0.7557837414557255, 0.7408182206817178, 0.7261490370736909, 0.7117703227626098, 0.697676326071031, 0.6838614092123558, 0.6703200460356393, 0.6570468198150567, 0.6440364210831413, 0.631283645506926, 0.6187833918061408, 0.6065306597126333, 0.5945205479701943, 0.5827482523739896, 0.5712090638488149, 0.559898366565402, 0.5488116360940264, 0.5379444375946745, 0.5272924240430485, 0.5168513344916992, 0.5066169923655897, 0.49658530379140947, 0.4867522559599717, 0.4771139155210344, 0.4676664270099093, 0.4584060113052235, 0.4493289641172216, 0.4404316545059993, 0.43171052342907973, 0.4231620823177488, 0.4147829116815813, 0.40656965974059917, 0.39851904108451414, 0.39062783535852114, 0.38289288597511206, 0.3753110988513995, 0.36787944117144233, 0.3605949401730783, 0.35345468195878016, 0.3464558103300575, 0.33959552564493906, 0.33287108369807955, 0.32627979462303947, 0.31981902181630395, 0.3134861808826052, 0.3072787386011312, 0.30119421191220197, 0.2952301669240142, 0.28938421793905056, 0.2836540264997704, 0.27803730045319414, 0.27253179303401254, 0.2671353019658504, 0.26184566858032593, 0.2566607769535558, 0.25157855305975646, 0.2465969639416065, 0.24171401689703642, 0.23692775868212165, 0.23223627472975877, 0.22763768838381268, 0.2231301601484298, 0.21871188695221475, 0.2143811014269779, 0.21013607120076472, 0.2059750982048834, 0.20189651799465538, 0.1978986990836147, 0.19398004229089189, 0.1901389801015205, 0.1863739760394099, 0.18268352405273466, 0.17906614791149322, 0.1755204006169968, 0.17204486382305045, 0.16863814726859555, 0.16529888822158653, 0.16202575093388072, 0.15881742610692068, 0.1556726303679973, 0.15259010575688386, 0.149568619222635, 0.14660696213035015, 0.14370394977770287, 0.14085842092104495, 0.1380692373108928, 0.13533528323661262, 0.13265546508012177, 0.1300287108784259, 0.12745396989482075, 0.12493021219858236], "vals": [0.020228421034336752, 0.03676243767966278, 0.05045640558067896, 0.061331452159769956, 0.06921096650695743, 0.06961061886829115, 0.07817219756517649, 0.0815188391941207, 0.08200458612642289, 0.08498019821890129, 0.08719985259546631, 0.08521914966532101, 0.08334201689252058, 0.08446177097529545, 0.08276274291816615, 0.08228242438947428, 0.07983289291802795, 0.07777037602144302, 0.07621117101324668, 0.07348942825763319, 0.07126056063965638, 0.06908943437183948, 0.06728502544347861, 0.06466976680203276, 0.061553064411039554, 0.05907907349811539, 0.05620065920046505, 0.05519508195849723, 0.05190639484086554, 0.04983568024175036, 0.0472962001753571, 0.04361563525989123, 0.04312116442124522, 0.0405597969279701, 0.03796500050112622, 0.03670209426114274, 0.03493682880458862, 0.03237106040531723, 0.030716162181796847, 0.028966785091743746, 0.027431449269240932, 0.025465025899006427, 0.0238350238427307, 0.021846769530230847, 0.02029412638429237, 0.019168355652801533, 0.017606350736828563, 0.01598490622916182, 0.014246625760572257, 0.013191980589215835, 0.012515800724103993, 0.01052078684279864, 0.009511007129025972, 0.008775338863113047, 0.007525609599820071, 0.0063293424665155085, 0.0045833080942168924, 0.004236881702944062, 0.0032524503218896994, 0.0019705173731166536, 0.0015194116464687937, 0.0005338327708454272, 0.00018294181818998017, -0.000704781106270702, -0.001622481813934484, -0.0024129860179308293, -0.0029938466163754174, -0.0035927282006675, -0.00411113286027931, -0.0049955660074788855, -0.005172596963211373, -0.005790699936336158, -0.007650776290702405, -0.007171083258043054, -0.0073168703599186535, -0.00781578450181003, -0.008068076517221856, -0.008846022009658644, -0.00888650873271804, -0.009567167174495045, -0.009911367516502012, -0.009920128748120038, -0.0105587622567129, -0.01068521368485223, -0.010791232225672687, -0.011168818382864792, -0.011599040661786436, -0.01162715010766932, -0.011823258962039701, -0.012400221293423053, -0.012256034748493821, -0.012638342730374785, -0.012797809889372957, -0.01299254328244262, -0.013280390837778044, -0.013021255194955478, -0.013573807034567203, -0.013462972313762617, -0.013432341026233835, -0.01385529768691049]}