{"deltas": [0.951229424500714, 0.9417645335842487, 0.9323938199059483, 0.9231163463866358, 0.9139311852712282, 0.9048374180359596, 0.8958341352965282, 0.8869204367171575, 0.8780954309205613, 0.8693582353988059, 0.8607079764250578, 0.8521437889662113, 0.8436648165963837, 0.835270211411272, 0.8269591339433623, 0.8187307530779818, 0.8105842459701871, 0.8025187979624785, 0.794533602503334, 0.7866278610665535, 0.7788007830714049, 0.7710515858035663, 0.7633794943368531, 0.7557837414557255, 0.7482635675785653, 0.7408182206817179, 0.7334469562242892, 0.7261490370736908, 0.7189237334319262, 0.7117703227626098, 0.7046880897187134, 0.697676326071031, 0.6907343306373547, 0.6838614092123559, 0.6770568744981647, 0.6703200460356393, 0.6636502501363194, 0.6570468198150567, 0.6505090947233165, 0.6440364210831413, 0.6376281516217733, 0.631283645506926, 0.6250022682827008, 0.6187833918061408, 0.612626394184416, 0.6065306597126334, 0.6004955788122659, 0.5945205479701944, 0.5886049696783553, 0.5827482523739895, 0.5769498103804866, 0.5712090638488149, 0.5655254386995371, 0.5598983665654019, 0.554327284734507, 0.5488116360940263, 0.5433508690744998, 0.5379444375946745, 0.5325918010068972, 0.5272924240430485, 0.5220457767610159, 0.5168513344916993, 0.5117085777865424, 0.5066169923655895, 0.5015760690660555, 0.4965853037914095, 0.49164419746096505, 0.48675225595997157, 0.4819089900902024, 0.4771139155210343, 0.47236655274101463, 0.46766642700990924, 0.463013068311228, 0.4584060113052235, 0.4538447952823558, 0.44932896411722156, 0.44485806622294116, 0.44043165450599925, 0.43604928632153556, 0.4317105234290796, 0.4274149319487267, 0.4231620823177488, 0.4189515492476389, 0.41478291168158127, 0.4106557527523455, 0.4065696597405991, 0.4025242240336359, 0.39851904108451414, 0.3945537103716011, 0.3906278353585211, 0.3867410234545011, 0.38289288597511206, 0.3790830381033987, 0.37531109885139946, 0.37157669102204566, 0.3678794411714422, 0.3642189795715234, 0.3605949401730783, 0.3570069605691474, 0.35345468195878005], "vals": [0.13012693826541694, 0.1652334181969713, 0.20152607258829008, 0.23223909394196812, 0.2557215141253865, 0.2858968049596214, 0.31120579352601324, 0.32421115121457106, 0.3337090799769354, 0.3500076768359098, 0.38576985198827124, 0.39433048151496947, 0.40019945341200164, 0.42260651714695946, 0.43280247377600395, 0.4388812569227865, 0.4568542579615656, 0.4634152545639086, 0.47168743304785804, 0.48683113364605607, 0.49110579971741636, 0.4921398063363975, 0.5025188626658025, 0.498817396459417, 0.49319914429548145, 0.5146188697925271, 0.5121742084179577, 0.517913300777422, 0.517409130106243, 0.5221811737009827, 0.5230725093172479, 0.5087615606982572, 0.5250962729418098, 0.5259336798027648, 0.5286401181119422, 0.5246943579473563, 0.5329430170175747, 0.5292023045670551, 0.5241369038112228, 0.5259391583749413, 0.5151116931679964, 0.5239755258585445, 0.5210308347671505, 0.5200032772826189, 0.5190208464785693, 0.5192392541881697, 0.5127744090940599, 0.5110045782837682, 0.5105164532786194, 0.5092697007132746, 0.5032926304451476, 0.4990903490755321, 0.49741362772791015, 0.49465472370414904, 0.47996224557135864, 0.4911933653556499, 0.4890454969456712, 0.48705939181253305, 0.48364027571941365, 0.48262717404505956, 0.47615888154862435, 0.47589847919773803, 0.4673017671109497, 0.46625584385593216, 0.46379553453707917, 0.4592372936094528, 0.45793334818844406, 0.45276819640692517, 0.45145326467453134, 0.447073878885159, 0.4415776385115537, 0.44141395379434517, 0.4364135831123907, 0.4347238890655594, 0.43181929016394766, 0.42706365673085617, 0.425796387443851, 0.42182835584659945, 0.4191588962877339, 0.4127451628802566, 0.41102929188319787, 0.4085023014794226, 0.4043222512275417, 0.3990705087605107, 0.3993422236125825, 0.39054067694654787, 0.3912446383592218, 0.3904127393637446, 0.38719635051427154, 0.38185831520671504, 0.3780030017065165, 0.37808792008615283, 0.3725669484285778, 0.372394577344581, 0.37066273633579444, 0.364416992583149, 0.361622083278151, 0.36118028504821736, 0.35677571222990795, 0.3562142209418115]}