{"deltas": [0.9656054162575665, 0.9371147912121053, 0.9094647949595386, 0.8826306243666844, 0.8565882081280364, 0.8313141851728568, 0.8067858837093785, 0.7829813008873164, 0.7598790830604462, 0.7374585066315447, 0.7156994594625086, 0.6945824228329764, 0.6740884539312695, 0.654199168861945, 0.6348967261547197, 0.6161638107599701, 0.597983618516452, 0.5803398410773082, 0.5632166512808398, 0.546598688952921, 0.5304710471283182, 0.514819258678558, 0.4996292833343428, 0.4848874950908785, 0.4705806699848123, 0.4566959742318185, 0.443220952714189, 0.4301435178081033, 0.4174519385405555, 0.4051348300662101, 0.3931811434547484, 0.3815801557795436, 0.370321460498775, 0.35939495812035027, 0.34879084714226427, 0.33849961526026706, 0.32851203083495284, 0.3188191346106165, 0.30941223167844967, 0.30028288367686523, 0.291422901221956, 0.2828243365612948, 0.27447947644448933, 0.26638083520409206, 0.25852114804066356, 0.2508933645059615, 0.243490642178411, 0.2363063405251845, 0.22933401494538228, 0.22256741098897267, 0.2160004587463037, 0.20962726740315665, 0.2034421199564538, 0.19743946808588167, 0.19161392717683012, 0.18596027149018143, 0.18047342947461667, 0.17514847921723503, 0.1699806440284047, 0.16496528815688427, 0.160097912631372, 0.15537415122475123, 0.15078976653741388, 0.14634064619614587, 0.14202279916516694, 0.13783235216601478, 0.13376554620306183, 0.12981873319154888, 0.12598837268510918, 0.12227102869984956, 0.11866336663213692, 0.11516215026732879, 0.11176423887676111, 0.10846658440039077, 0.10526622871256688, 0.10216030096847527, 0.09914601502887789, 0.09622066696083639, 0.09338163261217845, 0.09062636525752966, 0.08795239331380084, 0.08535731812308125, 0.082838811800948, 0.08039461514826188, 0.07802253562457745, 0.07572044538134808, 0.07348627935316183, 0.07131803340529681, 0.06921376253593375, 0.0671715791314127, 0.06518965127296943, 0.0632662010934324, 0.061399503182406036, 0.05958788303850973, 0.057829715567284494, 0.056123423623418996, 0.05446747659598857, 0.052860389035437015, 0.051300719321069825, 0.049787068367863965], "vals": [-0.21004996337695278, -0.10760979438751887, -0.014051733704818428, 0.041236536928623176, 0.09194192090042598, 0.13762701585445397, 0.15787333139708842, 0.1683695927303846, 0.16230345623507297, 0.19429244273308882, 0.19780739886856186, 0.19122298479359273, 0.19472830469495045, 0.17798497439158828, 0.17511388878828688, 0.16544178737293352, 0.16437418089042205, 0.1454355432140933, 0.13332069654176065, 0.11437320510336203, 0.09474751200864519, 0.08362315317890291, 0.07097869389211232, 0.04756698224510315, 0.0390971971583406, 0.029067040208889516, 0.005265817928193649, -0.0021120471546412405, -0.02713767200980376, -0.03397473303992781, -0.052226166848530535, -0.06377542235937671, -0.0760170200365523, -0.0842449590885521, -0.11129859652630068, -0.12222296284812693, -0.1387409772075645, -0.1454778298345416, -0.1538832214462394, -0.1678548154015343, -0.1829924538572767, -0.19023905222608178, -0.25984918708927196, -0.21427902025086462, -0.22289885695680567, -0.23094299976433497, -0.2404094457813583, -0.2483054899186954, -0.2547714796061401, -0.2623857911707227, -0.2730567739666232, -0.2805529853442443, -0.28611642078212096, -0.29233195919074284, -0.3008199163725208, -0.3078748987382855, -0.3125873831797748, -0.31812949713052535, -0.3231775512293335, -0.32855060930094465, -0.3354109833295219, -0.3401265668563769, -0.3445050666775426, -0.3483331332020907, -0.3526385816605715, -0.356997256315694, -0.36156232939178945, -0.3644613936123739, -0.36788172502769706, -0.3719209590089607, -0.3746954818467931, -0.378408958834175, -0.3805458948655397, -0.3836501658894954, -0.3861662146823745, -0.38970362141421855, -0.39141481576698967, -0.3933877122150556, -0.39573097332602547, -0.39821768242402333, -0.39986674393287486, -0.4019807935340154, -0.4038603122331758, -0.4055203208876865, -0.40704306166257265, -0.40862113324151317, -0.40979735156279096, -0.4110221222354836, -0.41254203250874444, -0.41374761779730845, -0.41488172929708583, -0.4161784227682158, -0.4169807430334037, -0.4182260423915716, -0.4191553918465698, -0.4199482707268526, -0.42087286333122803, -0.4217684347645394, -0.42260008599895493, -0.4232470161591524]}