{"deltas": [0.9656054162575665, 0.9371147912121053, 0.9094647949595386, 0.8826306243666844, 0.8565882081280364, 0.8313141851728568, 0.8067858837093785, 0.7829813008873164, 0.7598790830604462, 0.7374585066315447, 0.7156994594625086, 0.6945824228329764, 0.6740884539312695, 0.654199168861945, 0.6348967261547197, 0.6161638107599701, 0.597983618516452, 0.5803398410773082, 0.5632166512808398, 0.546598688952921, 0.5304710471283182, 0.514819258678558, 0.4996292833343428, 0.4848874950908785, 0.4705806699848123, 0.4566959742318185, 0.443220952714189, 0.4301435178081033, 0.4174519385405555, 0.4051348300662101, 0.3931811434547484, 0.3815801557795436, 0.370321460498775, 0.35939495812035027, 0.34879084714226427, 0.33849961526026706, 0.32851203083495284, 0.3188191346106165, 0.30941223167844967, 0.30028288367686523, 0.291422901221956, 0.2828243365612948, 0.27447947644448933, 0.26638083520409206, 0.25852114804066356, 0.2508933645059615, 0.243490642178411, 0.2363063405251845, 0.22933401494538228, 0.22256741098897267, 0.2160004587463037, 0.20962726740315665, 0.2034421199564538, 0.19743946808588167, 0.19161392717683012, 0.18596027149018143, 0.18047342947461667, 0.17514847921723503, 0.1699806440284047, 0.16496528815688427, 0.160097912631372, 0.15537415122475123, 0.15078976653741388, 0.14634064619614587, 0.14202279916516694, 0.13783235216601478, 0.13376554620306183, 0.12981873319154888, 0.12598837268510918, 0.12227102869984956, 0.11866336663213692, 0.11516215026732879, 0.11176423887676111, 0.10846658440039077, 0.10526622871256688, 0.10216030096847527, 0.09914601502887789, 0.09622066696083639, 0.09338163261217845, 0.09062636525752966, 0.08795239331380084, 0.08535731812308125, 0.082838811800948, 0.08039461514826188, 0.07802253562457745, 0.07572044538134808, 0.07348627935316183, 0.07131803340529681, 0.06921376253593375, 0.0671715791314127, 0.06518965127296943, 0.0632662010934324, 0.061399503182406036, 0.05958788303850973, 0.057829715567284494, 0.056123423623418996, 0.05446747659598857, 0.052860389035437015, 0.051300719321069825, 0.049787068367863965], "probas": [{"0": {"0": 0.0, "1": 0.0}, "1": {"0": 0, "1": 0.06760618009405173}, "2": {"0": 1, "1": 0.9323938199059483}}, {"0": {"0": 0.0, "1": 0.0}, "1": {"0": 0, "1": 0.12181586809149247}, "2": {"0": 1, "1": 0.8781841319085075}}, {"0": {"0": 0.0, "1": 0.0}, "1": {"0": 0, "1": 0.1728737867292045}, "2": {"0": 1, "1": 0.8271262132707955}}, {"0": {"0": 0.0, "1": 0.0}, "1": {"0": 0, "1": 0.22096318093007683}, "2": {"0": 1, "1": 0.7790368190699232}}, {"0": {"0": 0.0, "1": 0.0}, "1": {"0": 0, "1": 0.26625664169599983}, "2": {"0": 1, "1": 0.7337433583040002}}, {"0": {"0": 0.0, "1": 0.0}, "1": {"0": 0, "1": 0.3089167255303892}, "2": {"0": 1, "1": 0.6910832744696108}}, {"0": {"0": 0.0, "1": 0.0}, "1": {"0": 0, "1": 0.349096537847277}, "2": {"0": 1, "1": 0.650903462152723}}, {"0": {"0": 0.0, "1": 0.0}, "1": {"0": 0, "1": 0.3869402824608056}, "2": {"0": 1, "1": 0.6130597175391944}}, {"0": {"0": 0.0, "1": 0.0}, "1": {"0": 0, "1": 0.42258377912721556}, "2": {"0": 1, "1": 0.5774162208727844}}, {"0": {"0": 0.0, "1": 0.0}, "1": {"0": 0, "1": 0.45615495099677195}, "2": {"0": 1, "1": 0.543845049003228}}, {"0": {"0": 0.0, "1": 0.0}, "1": {"0": 0, "1": 0.48777428372507303}, "2": {"0": 1, "1": 0.512225716274927}}, {"0": {"0": 0.0, "1": 0.0}, "1": {"0": 0, "1": 0.5175552578914724}, "2": {"0": 1, "1": 0.4824447421085276}}, {"0": {"0": 0.0, "1": 0.0}, "1": {"0": 0, "1": 0.5456047562765509}, "2": {"0": 1, "1": 0.45439524372344914}}, {"0": {"0": 0.0, "1": 0.0}, "1": {"0": 0, "1": 0.5720234474603404}, "2": {"0": 1, "1": 0.4279765525396596}}, {"0": {"0": 0.0, "1": 0.0}, "1": {"0": 0, "1": 0.5969061471180188}, "2": {"0": 1, "1": 0.4030938528819812}}, {"0": {"0": 0.0, "1": 0.0}, "1": {"0": 0, "1": 0.6203421583097517}, "2": {"0": 1, "1": 0.37965784169024824}}, {"0": {"0": 0.0, "1": 0.0}, "1": {"0": 0, "1": 0.6424155919859704}, "2": {"0": 1, "1": 0.35758440801402963}}, {"0": {"0": 0.0, "1": 0.0}, "1": {"0": 0, "1": 0.6632056688583647}, "2": {"0": 1, "1": 0.33679433114163526}}, {"0": {"0": 0.0, "1": 0.0}, "1": {"0": 0, "1": 0.6827870037199969}, "2": {"0": 1, "1": 0.3172129962800031}}, {"0": {"0": 0.0, "1": 0.0}, "1": {"0": 0, "1": 0.701229873234948}, "2": {"0": 1, "1": 0.298770126765052}}, {"0": {"0": 0.0, "1": 0.0}, "1": {"0": 0, "1": 0.7186004681585856}, "2": {"0": 1, "1": 0.28139953184141436}}, {"0": {"0": 0.0, "1": 0.0}, "1": {"0": 0, "1": 0.7349611308936599}, "2": {"0": 1, "1": 0.26503886910634006}}, {"0": {"0": 0.0, "1": 0.0}, "1": {"0": 0, "1": 0.750370579234811}, "2": {"0": 1, "1": 0.249629420765189}}, {"0": {"0": 0.0, "1": 0.0}, "1": {"0": 0, "1": 0.7648841171044933}, "2": {"0": 1, "1": 0.2351158828955067}}, {"0": {"0": 0.0, "1": 0.0}, "1": {"0": 0, "1": 0.7785538330366452}, "2": {"0": 1, "1": 0.22144616696335484}}, {"0": {"0": 0.0, "1": 0.0}, "1": {"0": 0, "1": 0.7914287871204502}, "2": {"0": 1, "1": 0.20857121287954986}}, {"0": {"0": 0.0, "1": 0.0}, "1": {"0": 0, "1": 0.8035551870751266}, "2": {"0": 1, "1": 0.19644481292487337}}, {"0": {"0": 0.0, "1": 0.0}, "1": {"0": 0, "1": 0.8149765540876699}, "2": {"0": 1, "1": 0.18502344591233005}}, {"0": {"0": 0.0, "1": 0.0}, "1": {"0": 0, "1": 0.8257338790087323}, "2": {"0": 1, "1": 0.17426612099126773}}, {"0": {"0": 0.0, "1": 0.0}, "1": {"0": 0, "1": 0.8358657694672231}, "2": {"0": 1, "1": 0.16413423053277693}}, {"0": {"0": 0.0, "1": 0.0}, "1": {"0": 0, "1": 0.8454085884316166}, "2": {"0": 1, "1": 0.15459141156838344}}, {"0": {"0": 0.0, "1": 0.0}, "1": {"0": 0, "1": 0.8543965847152593}, "2": {"0": 1, "1": 0.14560341528474074}}, {"0": {"0": 0.0, "1": 0.0}, "1": {"0": 0, "1": 0.8628620158940542}, "2": {"0": 1, "1": 0.1371379841059458}}, {"0": {"0": 0.0, "1": 0.0}, "1": {"0": 0, "1": 0.8708352640776718}, "2": {"0": 1, "1": 0.1291647359223283}}, {"0": {"0": 0.0, "1": 0.0}, "1": {"0": 0, "1": 0.8783449449497817}, "2": {"0": 1, "1": 0.12165505505021836}}, {"0": {"0": 0.0, "1": 0.0}, "1": {"0": 0, "1": 0.8854180104686512}, "2": {"0": 1, "1": 0.11458198953134884}}, {"0": {"0": 0.0, "1": 0.0}, "1": {"0": 0, "1": 0.892079845596695}, "2": {"0": 1, "1": 0.10792015440330499}}, {"0": {"0": 0.0, "1": 0.0}, "1": {"0": 0, "1": 0.8983543594061376}, "2": {"0": 1, "1": 0.10164564059386241}}, {"0": {"0": 0.0, "1": 0.0}, "1": {"0": 0, "1": 0.9042640708877614}, "2": {"0": 1, "1": 0.0957359291122386}}, {"0": {"0": 0.0, "1": 0.0}, "1": {"0": 0, "1": 0.9098301897707062}, "2": {"0": 1, "1": 0.09016981022929378}}, {"0": {"0": 0.0, "1": 0.0}, "1": {"0": 0, "1": 0.9150726926433781}, "2": {"0": 1, "1": 0.08492730735662193}}, {"0": {"0": 0.0, "1": 0.0}, "1": {"0": 0, "1": 0.9200103946486634}, "2": {"0": 1, "1": 0.07998960535133656}}, {"0": {"0": 0.0, "1": 0.0}, "1": {"0": 0, "1": 0.924661017010759}, "2": {"0": 1, "1": 0.07533898298924097}}, {"0": {"0": 0.0, "1": 0.0}, "1": {"0": 0, "1": 0.9290412506359703}, "2": {"0": 1, "1": 0.07095874936402964}}, {"0": {"0": 0.0, "1": 0.0}, "1": {"0": 0, "1": 0.9331668160157374}, "2": {"0": 1, "1": 0.06683318398426269}}, {"0": {"0": 0.0, "1": 0.0}, "1": {"0": 0, "1": 0.9370525196468787}, "2": {"0": 1, "1": 0.06294748035312125}}, {"0": {"0": 0.0, "1": 0.0}, "1": {"0": 0, "1": 0.9407123071715451}, "2": {"0": 1, "1": 0.059287692828454974}}, {"0": {"0": 0.0, "1": 0.0}, "1": {"0": 0, "1": 0.9441593134275955}, "2": {"0": 1, "1": 0.05584068657240446}}, {"0": {"0": 0.0, "1": 0.0}, "1": {"0": 0, "1": 0.9474059095890311}, "2": {"0": 1, "1": 0.05259409041096882}}, {"0": {"0": 0.0, "1": 0.0}, "1": {"0": 0, "1": 0.9504637475656658}, "2": {"0": 1, "1": 0.04953625243433427}}, {"0": {"0": 0.0, "1": 0.0}, "1": {"0": 0, "1": 0.9533438018213863}, "2": {"0": 1, "1": 0.04665619817861364}}, {"0": {"0": 0.0, "1": 0.0}, "1": {"0": 0, "1": 0.9560564087610854}, "2": {"0": 1, "1": 0.043943591238914545}}, {"0": {"0": 0.0, "1": 0.0}, "1": {"0": 0, "1": 0.9586113038276238}, "2": {"0": 1, "1": 0.041388696172376144}}, {"0": {"0": 0.0, "1": 0.0}, "1": {"0": 0, "1": 0.9610176564419641}, "2": {"0": 1,