{"deltas": [0.9656054162575665, 0.9371147912121053, 0.9094647949595386, 0.8826306243666844, 0.8565882081280364, 0.8313141851728568, 0.8067858837093785, 0.7829813008873164, 0.7598790830604462, 0.7374585066315447, 0.7156994594625086, 0.6945824228329764, 0.6740884539312695, 0.654199168861945, 0.6348967261547197, 0.6161638107599701, 0.597983618516452, 0.5803398410773082, 0.5632166512808398, 0.546598688952921, 0.5304710471283182, 0.514819258678558, 0.4996292833343428, 0.4848874950908785, 0.4705806699848123, 0.4566959742318185, 0.443220952714189, 0.4301435178081033, 0.4174519385405555, 0.4051348300662101, 0.3931811434547484, 0.3815801557795436, 0.370321460498775, 0.35939495812035027, 0.34879084714226427, 0.33849961526026706, 0.32851203083495284, 0.3188191346106165, 0.30941223167844967, 0.30028288367686523, 0.291422901221956, 0.2828243365612948, 0.27447947644448933, 0.26638083520409206, 0.25852114804066356, 0.2508933645059615, 0.243490642178411, 0.2363063405251845, 0.22933401494538228, 0.22256741098897267, 0.2160004587463037, 0.20962726740315665, 0.2034421199564538, 0.19743946808588167, 0.19161392717683012, 0.18596027149018143, 0.18047342947461667, 0.17514847921723503, 0.1699806440284047, 0.16496528815688427, 0.160097912631372, 0.15537415122475123, 0.15078976653741388, 0.14634064619614587, 0.14202279916516694, 0.13783235216601478, 0.13376554620306183, 0.12981873319154888, 0.12598837268510918, 0.12227102869984956, 0.11866336663213692, 0.11516215026732879, 0.11176423887676111, 0.10846658440039077, 0.10526622871256688, 0.10216030096847527, 0.09914601502887789, 0.09622066696083639, 0.09338163261217845, 0.09062636525752966, 0.08795239331380084, 0.08535731812308125, 0.082838811800948, 0.08039461514826188, 0.07802253562457745, 0.07572044538134808, 0.07348627935316183, 0.07131803340529681, 0.06921376253593375, 0.0671715791314127, 0.06518965127296943, 0.0632662010934324, 0.061399503182406036, 0.05958788303850973, 0.057829715567284494, 0.056123423623418996, 0.05446747659598857, 0.052860389035437015, 0.051300719321069825, 0.049787068367863965], "probas": [{"0": {"0": 0.0, "1": 0.0}, "1": {"0": 9.999983000028898e-07, "1": 0.048176465323701796}, "2": {"0": 0.9999990000017, "1": 0.9518235346762982}}, {"0": {"0": 0.0, "1": 0.0}, "1": {"0": 9.999983000028898e-07, "1": 0.081926839327475}, "2": {"0": 0.9999990000017, "1": 0.918073160672525}}, {"0": {"0": 0.0, "1": 0.0}, "1": {"0": 9.999983000028898e-07, "1": 0.11044021062935941}, "2": {"0": 0.9999990000017, "1": 0.8895597893706406}}, {"0": {"0": 0.0, "1": 0.0}, "1": {"0": 9.999983000028898e-07, "1": 0.13482367493184147}, "2": {"0": 0.9999990000017, "1": 0.8651763250681586}}, {"0": {"0": 0.0, "1": 0.0}, "1": {"0": 9.999983000028898e-07, "1": 0.1558930094505391}, "2": {"0": 0.9999990000017, "1": 0.8441069905494609}}, {"0": {"0": 0.0, "1": 0.0}, "1": {"0": 9.999983000028898e-07, "1": 0.1742625905331727}, "2": {"0": 0.9999990000017, "1": 0.8257374094668273}}, {"0": {"0": 0.0, "1": 0.0}, "1": {"0": 9.999983000028898e-07, "1": 0.1904039428674439}, "2": {"0": 0.9999990000017, "1": 0.8095960571325561}}, {"0": {"0": 0.0, "1": 0.0}, "1": {"0": 9.999983000028898e-07, "1": 0.20468498569120513}, "2": {"0": 0.9999990000017, "1": 0.7953150143087948}}, {"0": {"0": 0.0, "1": 0.0}, "1": {"0": 9.999983000028898e-07, "1": 0.21739701391092875}, "2": {"0": 0.9999990000017, "1": 0.7826029860890713}}, {"0": {"0": 0.0, "1": 0.0}, "1": {"0": 9.999983000028898e-07, "1": 0.22877366461231025}, "2": {"0": 0.9999990000017, "1": 0.7712263353876898}}, {"0": {"0": 0.0, "1": 0.0}, "1": {"0": 9.999983000028898e-07, "1": 0.23900451541795276}, "2": {"0": 0.9999990000017, "1": 0.7609954845820472}}, {"0": {"0": 0.0, "1": 0.0}, "1": {"0": 9.999983000028898e-07, "1": 0.24824500742834726}, "2": {"0": 0.9999990000017, "1": 0.7517549925716527}}, {"0": {"0": 0.0, "1": 0.0}, "1": {"0": 9.999983000028898e-07, "1": 0.2566238017560548}, "2": {"0": 0.9999990000017, "1": 0.7433761982439452}}, {"0": {"0": 0.0, "1": 0.0}, "1": {"0": 9.999983000028898e-07, "1": 0.2642483120336098}, "2": {"0": 0.9999990000017, "1": 0.7357516879663901}}, {"0": {"0": 0.0, "1": 0.0}, "1": {"0": 9.999983000028898e-07, "1": 0.2712089195903308}, "2": {"0": 0.9999990000017, "1": 0.7287910804096692}}, {"0": {"0": 0.0, "1": 0.0}, "1": {"0": 9.999983000028898e-07, "1": 0.2775822232714714}, "2": {"0": 0.9999990000017, "1": 0.7224177767285286}}, {"0": {"0": 0.0, "1": 0.0}, "1": {"0": 9.999983000028898e-07, "1": 0.28343357234789135}, "2": {"0": 0.9999990000017, "1": 0.7165664276521087}}, {"0": {"0": 0.0, "1": 0.0}, "1": {"0": 9.999983000028898e-07, "1": 0.28881906048026695}, "2": {"0": 0.9999990000017, "1": 0.711180939519733}}, {"0": {"0": 0.0, "1": 0.0}, "1": {"0": 9.999983000028898e-07, "1": 0.2937871099429844}, "2": {"0": 0.9999990000017, "1": 0.7062128900570156}}, {"0": {"0": 0.0, "1": 0.0}, "1": {"0": 9.999983000028898e-07, "1": 0.2983797410852272}, "2": {"0": 0.9999990000017, "1": 0.7016202589147729}}, {"0": {"0": 0.0, "1": 0.0}, "1": {"0": 9.999983000028898e-07, "1": 0.3026335976527941}, "2": {"0": 0.9999990000017, "1": 0.6973664023472059}}, {"0": {"0": 0.0, "1": 0.0}, "1": {"0": 9.999983000028898e-07, "1": 0.3065807810474166}, "2": {"0": 0.9999990000017, "1": 0.6934192189525834}}, {"0": {"0": 0.0, "1": 0.0}, "1": {"0": 9.999983000028898e-07, "1": 0.3102495338103688}, "2": {"0": 0.9999990000017, "1": 0.6897504661896312}}, {"0": {"0": 0.0, "1": 0.0}, "1": {"0": 9.999983000028898e-07, "1": 0.3136648031930536}, "2": {"0": 0.9999990000017, "1": 0.6863351968069464}}, {"0": {"0": 0.0, "1": 0.0}, "1": {"0": 9.999983000028898e-07, "1": 0.31684870866278503}, "2": {"0": 0.9999990000017, "1": 0.683151291337215}}, {"0": {"0": 0.0, "1": 0.0}, "1": {"0": 9.999983000028898e-07, "1": 0.3198209319214815}, "2": {"0": 0.9999990000017, "1": 0.6801790680785185}}, {"0": {"0": 0.0, "1": 0.0}, "1": {"0": 9.999983000028898e-07, "1": 0.3225990440196425}, "2": {"0": 0.9999990000017, "1": 0.6774009559803575}}, {"0": {"0": 0.0, "1": 0.0}, "1": {"0": 9.999983000028898e-07, "1": 0.3251987810939636}, "2": {"0": 0.9999990000017, "1": 0.6748012189060364}}, {"0": {"0": 0.0, "1": 0.0}, "1": {"0": 9.999983000028898e-07, "1": 0.3276342779041233}, "2": {"0": 0.9999990000017, "1": 0.6723657220958767}}, {"0": {"0": 0.0, "1": 0.0}, "1": {"0": 9.999983000028898e-07, "1": 0.3299182665182123}, "2": {"0": 0.9999990000017, "1": 0.6700817334817877}}, {"0": {"0": 0.0, "1": 0.0}, "1": {"0": 9.999983000028898e-07, "1": 0.3320622460691227}, "2": {"0": 0.9999990000017, "1": 0.6679377539308773}}, {"0": {"0": 0.0, "1": 0.0}, "1": {"0": 9.999983000028898e-07, "1": 0.33407662838142954}, "2": {"0": 0.9999990000017, "1": 0.6659233716185704}}, {"0": {"0": 0.0, "1": 0.0}, "1": {"0": 9.999983000028898e-07, "1": 0.3359708633794349}, "2": {"0": 0.9999990000017, "1": 0.6640291366205651}}, {"0": {"0": 0.0, "1": 0.0}, "1": {"0": 9.999983000028898e-07, "1": 0.3377535474791724}, "2": {"0": 0.9999990000017, "1": 0.6622464525208276}}, {"0": {"0": 0.0, "1": 0.0}, "1": {"0": 9.999983000028898e-07, "1": 0.339432517600251}, "2": {"0": 0.9999990000017, "1": 0.6605674823997489}}, {"0": {"0": 0.0, "1": 0.0}, "1": {"0": 9.999983000028898e-07, "1": 0.3410149329769337}, "2": {"0": 0.9999990000017, "1": 0.6589850670230664}}, {"0": {"0": 0.0, "1": 0.0}, "1": {"0": 9.999983000028898e-07, "1": 0.3425073465784123}, "2": {"0": 0.9999990000017, "1": 0.6574926534215877}}, {"0": {"0": 0.0, "1": 0.0}, "1": {"0": 9.999983000028898e-07, "1": 0.34391576764778153}, "2": {"0": 0.9999990000017, "1": 0.6560842323522185}}, {"0": {"0": 0.0, "1": 0.0}, "1": {"0": 9.999983000028898e-07, "1": 0.34524571662372777}, "2": {"0": 0.9999990000017, "1": 0.6547542833762723}}, {"0": {"0": 0.0, "1": 0.0}, "1": {"0": 9.999983000028898e-07, "1": 0.34650227350746476}, "2": {"0": 0.9999990000017, "1": 0.6534977264925352}}, {"0": {"0": 0.0, "1": 0.0}, "1": {"0": 9.999983000028898e-07, "1": 0.3476901205713897}, "2": {"0": 0.9999990000017, "1": 0.6523098794286103}}, {"0": {"0": 0.0, "1": 0.0},