{"deltas": [0.9656054162575665, 0.9371147912121053, 0.9094647949595386, 0.8826306243666844, 0.8565882081280364, 0.8313141851728568, 0.8067858837093785, 0.7829813008873164, 0.7598790830604462, 0.7374585066315447, 0.7156994594625086, 0.6945824228329764, 0.6740884539312695, 0.654199168861945, 0.6348967261547197, 0.6161638107599701, 0.597983618516452, 0.5803398410773082, 0.5632166512808398, 0.546598688952921, 0.5304710471283182, 0.514819258678558, 0.4996292833343428, 0.4848874950908785, 0.4705806699848123, 0.4566959742318185, 0.443220952714189, 0.4301435178081033, 0.4174519385405555, 0.4051348300662101, 0.3931811434547484, 0.3815801557795436, 0.370321460498775, 0.35939495812035027, 0.34879084714226427, 0.33849961526026706, 0.32851203083495284, 0.3188191346106165, 0.30941223167844967, 0.30028288367686523, 0.291422901221956, 0.2828243365612948, 0.27447947644448933, 0.26638083520409206, 0.25852114804066356, 0.2508933645059615, 0.243490642178411, 0.2363063405251845, 0.22933401494538228, 0.22256741098897267, 0.2160004587463037, 0.20962726740315665, 0.2034421199564538, 0.19743946808588167, 0.19161392717683012, 0.18596027149018143, 0.18047342947461667, 0.17514847921723503, 0.1699806440284047, 0.16496528815688427, 0.160097912631372, 0.15537415122475123, 0.15078976653741388, 0.14634064619614587, 0.14202279916516694, 0.13783235216601478, 0.13376554620306183, 0.12981873319154888, 0.12598837268510918, 0.12227102869984956, 0.11866336663213692, 0.11516215026732879, 0.11176423887676111, 0.10846658440039077, 0.10526622871256688, 0.10216030096847527, 0.09914601502887789, 0.09622066696083639, 0.09338163261217845, 0.09062636525752966, 0.08795239331380084, 0.08535731812308125, 0.082838811800948, 0.08039461514826188, 0.07802253562457745, 0.07572044538134808, 0.07348627935316183, 0.07131803340529681, 0.06921376253593375, 0.0671715791314127, 0.06518965127296943, 0.0632662010934324, 0.061399503182406036, 0.05958788303850973, 0.057829715567284494, 0.056123423623418996, 0.05446747659598857, 0.052860389035437015, 0.051300719321069825, 0.049787068367863965], "vals": [0.012224714046591006, 0.09914156065477092, 0.15173923656535887, 0.18131874679373944, 0.19987884661149619, 0.20614784441590234, 0.21071432948804286, 0.20800733637350494, 0.19938021855489835, 0.19059008432221453, 0.18065308068295644, 0.16924362377583252, 0.1577762109604925, 0.14498748673792866, 0.13153805619104925, 0.11906049938644397, 0.10608655066554412, 0.09303587173804856, 0.08034885961594937, 0.06871342766879393, 0.05659363558761313, 0.04502698614616185, 0.033583847957440044, 0.022935536353610786, 0.01243387258640058, -0.00840409415104551, -0.006995745271457493, -0.016325156881294406, -0.025325636528378243, -0.033913451876716544, -0.042017927307918174, -0.050082494142392936, -0.05727347710618777, -0.06443470045978122, -0.07135457884316829, -0.07795304405101786, -0.08405803249302278, -0.09001235787045674, -0.09569301410765105, -0.10114368950341454, -0.10612397385395693, -0.11126004377465155, -0.11588135540631175, -0.12041666759675554, -0.12467342487611477, -0.12876402994527378, -0.13251473985832962, -0.1364031517393228, -0.1397777720055317, -0.1431420943018541, -0.14628735891330052, -0.14929669272880514, -0.15218366410926407, -0.15490210389195547, -0.15744121705962993, -0.15989249122605487, -0.16225066641277794, -0.16443819115279093, -0.16659387531002806, -0.16861076584636453, -0.17050501547541777, -0.1722693990782507, -0.17402693163879374, -0.1756212135527365, -0.17714573274877976, -0.17869603653327354, -0.1799992268164275, -0.1813169791784346, -0.18257953157923607, -0.18376605666589318, -0.18920819378946882, -0.185921690919879, -0.18693220996124793, -0.1878827007328752, -0.1887998776466112, -0.18961007213538283, -0.19041054016542153, -0.1911686070065746, -0.19189406994871638, -0.1925627064759922, -0.1932037585951433, -0.1938031815513043, -0.19745626856727716, -0.19787545078833352, -0.19542799213208034, -0.19591150643263813, -0.19636045579592212, -0.19679933058047858, -0.19719411030518505, -0.19757885982561102, -0.19795159291822398, -0.19828814526587754, -0.19860536842474336, -0.19891859149350874, -0.19920034836571662, -0.19946814626507625, -0.19972516432677895, -0.19996481045821363, -0.20019206555419278, -0.20040853177197585]}