{"deltas": [0.9656054162575665, 0.9371147912121053, 0.9094647949595386, 0.8826306243666844, 0.8565882081280364, 0.8313141851728568, 0.8067858837093785, 0.7829813008873164, 0.7598790830604462, 0.7374585066315447, 0.7156994594625086, 0.6945824228329764, 0.6740884539312695, 0.654199168861945, 0.6348967261547197, 0.6161638107599701, 0.597983618516452, 0.5803398410773082, 0.5632166512808398, 0.546598688952921, 0.5304710471283182, 0.514819258678558, 0.4996292833343428, 0.4848874950908785, 0.4705806699848123, 0.4566959742318185, 0.443220952714189, 0.4301435178081033, 0.4174519385405555, 0.4051348300662101, 0.3931811434547484, 0.3815801557795436, 0.370321460498775, 0.35939495812035027, 0.34879084714226427, 0.33849961526026706, 0.32851203083495284, 0.3188191346106165, 0.30941223167844967, 0.30028288367686523, 0.291422901221956, 0.2828243365612948, 0.27447947644448933, 0.26638083520409206, 0.25852114804066356, 0.2508933645059615, 0.243490642178411, 0.2363063405251845, 0.22933401494538228, 0.22256741098897267, 0.2160004587463037, 0.20962726740315665, 0.2034421199564538, 0.19743946808588167, 0.19161392717683012, 0.18596027149018143, 0.18047342947461667, 0.17514847921723503, 0.1699806440284047, 0.16496528815688427, 0.160097912631372, 0.15537415122475123, 0.15078976653741388, 0.14634064619614587, 0.14202279916516694, 0.13783235216601478, 0.13376554620306183, 0.12981873319154888, 0.12598837268510918, 0.12227102869984956, 0.11866336663213692, 0.11516215026732879, 0.11176423887676111, 0.10846658440039077, 0.10526622871256688, 0.10216030096847527, 0.09914601502887789, 0.09622066696083639, 0.09338163261217845, 0.09062636525752966, 0.08795239331380084, 0.08535731812308125, 0.082838811800948, 0.08039461514826188, 0.07802253562457745, 0.07572044538134808, 0.07348627935316183, 0.07131803340529681, 0.06921376253593375, 0.0671715791314127, 0.06518965127296943, 0.0632662010934324, 0.061399503182406036, 0.05958788303850973, 0.057829715567284494, 0.056123423623418996, 0.05446747659598857, 0.052860389035437015, 0.051300719321069825, 0.049787068367863965], "vals": [-1.2303839262090839, -1.1344431273381304, -1.0310824552771374, -0.9889136692931448, -0.9345260719254348, -0.8829056381569318, -0.8531765246839198, -0.817768946235051, -0.8247866984739398, -0.7927865799831673, -0.7869764885400914, -0.7707302913153047, -0.7724177206162957, -0.8022597731293803, -0.8353011631080416, -0.7932169254515236, -0.8264789292739498, -0.8289983542088069, -0.8171328124650052, -0.8497139681474324, -0.8871886639731952, -0.8977983319878549, -0.8955184530153839, -0.9293797894070018, -0.9637629068496991, -0.9455496740111884, -0.961936765132235, -0.9899435783795394, -0.9941821567645537, -0.9990107099833724, -1.0190237130414106, -1.0197290395667769, -1.0553268094041306, -1.047701228709852, -1.0806189155842825, -1.088263420362797, -1.0955510773940462, -1.1107627599007213, -1.1066261543597502, -1.1175287640915847, -1.1334959519286918, -1.14871515760631, -1.153124630196852, -1.156850956013381, -1.1857069826382798, -1.1859673755224542, -1.193910794168912, -1.2070584718451325, -1.2044181608356803, -1.2125937567907348, -1.230888456348718, -1.2351534663633164, -1.2441767045505994, -1.2465561749879979, -1.2568533292566106, -1.265107668316503, -1.2660719840285632, -1.2664877948089797, -1.2742301256895916, -1.2832106542470707, -1.2867925026750588, -1.285318323969282, -1.2961891816331157, -1.3001678488980857, -1.303990184222256, -1.3068986054771143, -1.3119572810078606, -1.3154140818247582, -1.3178882632331272, -1.3212993846355359, -1.325505939951126, -1.3244398081566682, -1.330196249111205, -1.334225444453474, -1.3377981552804517, -1.3380038693175023, -1.3394572775879936, -1.3420960392415024, -1.3438811858893889, -1.347990202003061, -1.3485332345390095, -1.3504661803163631, -1.3513855817605247, -1.3535022918620916, -1.3542276371618334, -1.3561583931195298, -1.3583041628991464, -1.3592290240977645, -1.3610794944639577, -1.3622049805684733, -1.3632996408431113, -1.3641638607655369, -1.364855247954868, -1.3657704912422344, -1.3671727800086413, -1.3679251384093831, -1.3680680526571976, -1.3690106313441708, -1.3698730832849104, -1.3706654974385968]}