{"deltas": [0.9656054162575665, 0.9371147912121053, 0.9094647949595386, 0.8826306243666844, 0.8565882081280364, 0.8313141851728568, 0.8067858837093785, 0.7829813008873164, 0.7598790830604462, 0.7374585066315447, 0.7156994594625086, 0.6945824228329764, 0.6740884539312695, 0.654199168861945, 0.6348967261547197, 0.6161638107599701, 0.597983618516452, 0.5803398410773082, 0.5632166512808398, 0.546598688952921, 0.5304710471283182, 0.514819258678558, 0.4996292833343428, 0.4848874950908785, 0.4705806699848123, 0.4566959742318185, 0.443220952714189, 0.4301435178081033, 0.4174519385405555, 0.4051348300662101, 0.3931811434547484, 0.3815801557795436, 0.370321460498775, 0.35939495812035027, 0.34879084714226427, 0.33849961526026706, 0.32851203083495284, 0.3188191346106165, 0.30941223167844967, 0.30028288367686523, 0.291422901221956, 0.2828243365612948, 0.27447947644448933, 0.26638083520409206, 0.25852114804066356, 0.2508933645059615, 0.243490642178411, 0.2363063405251845, 0.22933401494538228, 0.22256741098897267, 0.2160004587463037, 0.20962726740315665, 0.2034421199564538, 0.19743946808588167, 0.19161392717683012, 0.18596027149018143, 0.18047342947461667, 0.17514847921723503, 0.1699806440284047, 0.16496528815688427, 0.160097912631372, 0.15537415122475123, 0.15078976653741388, 0.14634064619614587, 0.14202279916516694, 0.13783235216601478, 0.13376554620306183, 0.12981873319154888, 0.12598837268510918, 0.12227102869984956, 0.11866336663213692, 0.11516215026732879, 0.11176423887676111, 0.10846658440039077, 0.10526622871256688, 0.10216030096847527, 0.09914601502887789, 0.09622066696083639, 0.09338163261217845, 0.09062636525752966, 0.08795239331380084, 0.08535731812308125, 0.082838811800948, 0.08039461514826188, 0.07802253562457745, 0.07572044538134808, 0.07348627935316183, 0.07131803340529681, 0.06921376253593375, 0.0671715791314127, 0.06518965127296943, 0.0632662010934324, 0.061399503182406036, 0.05958788303850973, 0.057829715567284494, 0.056123423623418996, 0.05446747659598857, 0.052860389035437015, 0.051300719321069825, 0.049787068367863965], "vals": [-0.23385349128994873, -0.11655034627991938, -0.017636326336144304, 0.04958213024536035, 0.10959417587498745, 0.11048149797198038, 0.16143387617596355, 0.17780734264396086, 0.17769802449880007, 0.20015260072985114, 0.19604644059144044, 0.2008437509450432, 0.18909412500911543, 0.19883911088923606, 0.17271266424751192, 0.1490832243813232, 0.16588952672120488, 0.15496156594777838, 0.12796065254162503, 0.12218975783791565, 0.10278368698677544, 0.09196536124739431, 0.06521407234989075, 0.06256928465654067, 0.0325780107385203, 0.023093950298005383, 0.008017240600162909, -0.004506168793360012, -0.019388492419771464, -0.03697499063371445, -0.050336841505737966, -0.062067676270412535, -0.08170340331920133, -0.09302021460591263, -0.10835509404097747, -0.12096599600224255, -0.13193740741801419, -0.14407878913191785, -0.15947015273368598, -0.16854345267987486, -0.18146764153567496, -0.1881512373441934, -0.1997805520516578, -0.21068097046119177, -0.22219116201905295, -0.23187631717163926, -0.2384603514394194, -0.250142761047643, -0.2547060579137135, -0.26384693057801956, -0.2740612119086426, -0.2795977391246537, -0.2851136971857798, -0.2962612952869004, -0.3020091546452586, -0.3072206495975143, -0.3120564030777937, -0.3206459703958995, -0.32279633012867603, -0.3306971903473217, -0.334618401084006, -0.3401461087183091, -0.34364701651312307, -0.38762037782866204, -0.35411139333115066, -0.3564633261716763, -0.36042292309457846, -0.3639922439550857, -0.36808453059142376, -0.37138967791178856, -0.37459084104963963, -0.37805236250678037, -0.380267018147496, -0.38370216944023583, -0.3864518467276338, -0.38890854449188095, -0.3914018802075261, -0.39323097928176315, -0.3956401638047202, -0.39822508860169126, -0.39991828309840655, -0.4017300416236385, -0.4035400003705162, -0.4057449212939832, -0.40724380087730877, -0.4086933575940631, -0.4096113605278205, -0.4111878134316189, -0.4128425843080699, -0.41380762058330295, -0.415124491967533, -0.4161216763231078, -0.4174522610295133, -0.4182391984700048, -0.41904933637424446, -0.4200144318765169, -0.42104060977059143, -0.4217164441078896, -0.4224809299452668, -0.4233829720682599]}