{"deltas": [0.9656054162575665, 0.9371147912121053, 0.9094647949595386, 0.8826306243666844, 0.8565882081280364, 0.8313141851728568, 0.8067858837093785, 0.7829813008873164, 0.7598790830604462, 0.7374585066315447, 0.7156994594625086, 0.6945824228329764, 0.6740884539312695, 0.654199168861945, 0.6348967261547197, 0.6161638107599701, 0.597983618516452, 0.5803398410773082, 0.5632166512808398, 0.546598688952921, 0.5304710471283182, 0.514819258678558, 0.4996292833343428, 0.4848874950908785, 0.4705806699848123, 0.4566959742318185, 0.443220952714189, 0.4301435178081033, 0.4174519385405555, 0.4051348300662101, 0.3931811434547484, 0.3815801557795436, 0.370321460498775, 0.35939495812035027, 0.34879084714226427, 0.33849961526026706, 0.32851203083495284, 0.3188191346106165, 0.30941223167844967, 0.30028288367686523, 0.291422901221956, 0.2828243365612948, 0.27447947644448933, 0.26638083520409206, 0.25852114804066356, 0.2508933645059615, 0.243490642178411, 0.2363063405251845, 0.22933401494538228, 0.22256741098897267, 0.2160004587463037, 0.20962726740315665, 0.2034421199564538, 0.19743946808588167, 0.19161392717683012, 0.18596027149018143, 0.18047342947461667, 0.17514847921723503, 0.1699806440284047, 0.16496528815688427, 0.160097912631372, 0.15537415122475123, 0.15078976653741388, 0.14634064619614587, 0.14202279916516694, 0.13783235216601478, 0.13376554620306183, 0.12981873319154888, 0.12598837268510918, 0.12227102869984956, 0.11866336663213692, 0.11516215026732879, 0.11176423887676111, 0.10846658440039077, 0.10526622871256688, 0.10216030096847527, 0.09914601502887789, 0.09622066696083639, 0.09338163261217845, 0.09062636525752966, 0.08795239331380084, 0.08535731812308125, 0.082838811800948, 0.08039461514826188, 0.07802253562457745, 0.07572044538134808, 0.07348627935316183, 0.07131803340529681, 0.06921376253593375, 0.0671715791314127, 0.06518965127296943, 0.0632662010934324, 0.061399503182406036, 0.05958788303850973, 0.057829715567284494, 0.056123423623418996, 0.05446747659598857, 0.052860389035437015, 0.051300719321069825, 0.049787068367863965], "vals": [0.09248093303724464, 0.20550104429920185, 0.2878363043417771, 0.35747417323915465, 0.40665110766430745, 0.4470173027413994, 0.4689731339423564, 0.4722086521848441, 0.49733524331314793, 0.5087882894347915, 0.5079741123817905, 0.5052023955257925, 0.5006752434221312, 0.49548608124847127, 0.4855554785230537, 0.4739536952313218, 0.46637414126546517, 0.4499464775066506, 0.43721967045336974, 0.4205140416470481, 0.4049518057616418, 0.39276464505353104, 0.37552112621628875, 0.3634033008951272, 0.3452991381735302, 0.3300739536738362, 0.3141100627149723, 0.29618701933177494, 0.28070014281856526, 0.2670733525108415, 0.2522254812205843, 0.2385963307339522, 0.22278097247275536, 0.1899244276270411, 0.19472280865708702, 0.18227199196853677, 0.1680393042289281, 0.15581111713213325, 0.14370967827076664, 0.1319569488630402, 0.12036756776263613, 0.11033782809151221, 0.09921766578720193, 0.0883005420412332, 0.07827039950076972, 0.06944576522418913, 0.060200277978368244, 0.05080107116745819, 0.04181947517266388, 0.03436895035817991, 0.02651397639586725, 0.01946611155021649, 0.011683805324757629, 0.005142594467107242, -0.0017424795829855675, -0.008010326279975, -0.013923494089526672, -0.019502683741061108, -0.02553433079042261, -0.03083490435632981, -0.03609889568665886, -0.04117818900331084, -0.04620005217064478, -0.05043401485842862, -0.05513680238288858, -0.05879609215353705, -0.06308169189688359, -0.06601486750664255, -0.07030464914890486, -0.07372720271501693, -0.07687816488052412, -0.08000581875535995, -0.0829536717237624, -0.08568598365422521, -0.08845915296052535, -0.09099910151872995, -0.09359847411201865, -0.09596065168196591, -0.09830249292219057, -0.10023965939210853, -0.10235018443807913, -0.1042446198750954, -0.10598420341777354, -0.10786630535440972, -0.10938403720328452, -0.1108814617595081, -0.1125878343150102, -0.11382733302345764, -0.11515646322636244, -0.11638295655173511, -0.11771204669575241, -0.11879556782543159, -0.11984803071400335, -0.12082652383368332, -0.12179152845361095, -0.12275958629640664, -0.12364849649725451, -0.12439010898039887, -0.125135112649975, -0.12590138145353422]}