{"deltas": [0.9656054162575665, 0.9371147912121053, 0.9094647949595386, 0.8826306243666844, 0.8565882081280364, 0.8313141851728568, 0.8067858837093785, 0.7829813008873164, 0.7598790830604462, 0.7374585066315447, 0.7156994594625086, 0.6945824228329764, 0.6740884539312695, 0.654199168861945, 0.6348967261547197, 0.6161638107599701, 0.597983618516452, 0.5803398410773082, 0.5632166512808398, 0.546598688952921, 0.5304710471283182, 0.514819258678558, 0.4996292833343428, 0.4848874950908785, 0.4705806699848123, 0.4566959742318185, 0.443220952714189, 0.4301435178081033, 0.4174519385405555, 0.4051348300662101, 0.3931811434547484, 0.3815801557795436, 0.370321460498775, 0.35939495812035027, 0.34879084714226427, 0.33849961526026706, 0.32851203083495284, 0.3188191346106165, 0.30941223167844967, 0.30028288367686523, 0.291422901221956, 0.2828243365612948, 0.27447947644448933, 0.26638083520409206, 0.25852114804066356, 0.2508933645059615, 0.243490642178411, 0.2363063405251845, 0.22933401494538228, 0.22256741098897267, 0.2160004587463037, 0.20962726740315665, 0.2034421199564538, 0.19743946808588167, 0.19161392717683012, 0.18596027149018143, 0.18047342947461667, 0.17514847921723503, 0.1699806440284047, 0.16496528815688427, 0.160097912631372, 0.15537415122475123, 0.15078976653741388, 0.14634064619614587, 0.14202279916516694, 0.13783235216601478, 0.13376554620306183, 0.12981873319154888, 0.12598837268510918, 0.12227102869984956, 0.11866336663213692, 0.11516215026732879, 0.11176423887676111, 0.10846658440039077, 0.10526622871256688, 0.10216030096847527, 0.09914601502887789, 0.09622066696083639, 0.09338163261217845, 0.09062636525752966, 0.08795239331380084, 0.08535731812308125, 0.082838811800948, 0.08039461514826188, 0.07802253562457745, 0.07572044538134808, 0.07348627935316183, 0.07131803340529681, 0.06921376253593375, 0.0671715791314127, 0.06518965127296943, 0.0632662010934324, 0.061399503182406036, 0.05958788303850973, 0.057829715567284494, 0.056123423623418996, 0.05446747659598857, 0.052860389035437015, 0.051300719321069825, 0.049787068367863965], "vals": [0.07401615272229753, 0.16060087097677928, 0.2119648047228937, 0.24525379315168228, 0.26551759589468016, 0.2725981367900824, 0.27405915434809536, 0.2705740428244914, 0.26433234970251873, 0.25502592161218696, 0.24267579735117467, 0.23383676062923353, 0.22184633475545035, 0.21021332825713845, 0.19745309911964493, 0.18456408889994397, 0.17034216608135355, 0.1584231940478233, 0.14560758547680075, 0.13416946203378022, 0.12217879898238238, 0.11029896648516951, 0.0844482598098823, 0.08814602885930511, 0.07781297062565948, 0.0676654304398133, 0.05837083610936464, 0.04899579316638161, 0.0403483682359653, 0.031878263135182106, 0.023823828179747514, 0.015631989114475386, 0.008108107970243, 0.0010882389113120174, -0.018933970257098587, -0.01207726806711057, -0.01843760630297274, -0.024480718637530652, -0.029868867741278213, -0.03525710241287412, -0.040573527080385655, -0.04533375259620448, -0.05009267531999029, -0.054659097470833765, -0.0588984634823162, -0.06297118078188046, -0.07761415957159462, -0.07058735677554658, -0.0739850358360279, -0.0772425329915725, -0.09036644797429214, -0.08374514155536951, -0.08631842531087536, -0.08913995167403276, -0.09173505513526696, -0.09413097057724967, -0.09643416119937331, -0.09878539271149289, -0.10082179007488548, -0.10280877146815899, -0.10473390166321347, -0.10646106067033888, -0.10822019608405611, -0.11717474915217026, -0.11140314140868529, -0.11286759476023833, -0.11424793088622631, -0.1156022081233646, -0.11683471710676382, -0.11798720546294235, -0.11905319361054291, -0.12013212392443003, -0.12114207332179405, -0.12208333488451684, -0.12300230795105463, -0.12382434091669053, -0.12461825622683859, -0.12535633196708199, -0.1261049697112249, -0.13144788936947516, -0.12740919246819116, -0.1279959495362822, -0.12857641720174812, -0.12912494242161895, -0.1296545329443314, -0.13011887924339965, -0.13057525488784524, -0.13099861254909426, -0.13140094222741508, -0.13179156224719982, -0.13214125111331057, -0.13249209696864486, -0.13279436820095517, -0.13311738007333906, -0.1334006553197489, -0.13365878187759542, -0.1339246717627149, -0.1341691169054906, -0.13438336857472086, -0.1346041468559309]}