{"deltas": [0.9656054162575665, 0.9371147912121053, 0.9094647949595386, 0.8826306243666844, 0.8565882081280364, 0.8313141851728568, 0.8067858837093785, 0.7829813008873164, 0.7598790830604462, 0.7374585066315447, 0.7156994594625086, 0.6945824228329764, 0.6740884539312695, 0.654199168861945, 0.6348967261547197, 0.6161638107599701, 0.597983618516452, 0.5803398410773082, 0.5632166512808398, 0.546598688952921, 0.5304710471283182, 0.514819258678558, 0.4996292833343428, 0.4848874950908785, 0.4705806699848123, 0.4566959742318185, 0.443220952714189, 0.4301435178081033, 0.4174519385405555, 0.4051348300662101, 0.3931811434547484, 0.3815801557795436, 0.370321460498775, 0.35939495812035027, 0.34879084714226427, 0.33849961526026706, 0.32851203083495284, 0.3188191346106165, 0.30941223167844967, 0.30028288367686523, 0.291422901221956, 0.2828243365612948, 0.27447947644448933, 0.26638083520409206, 0.25852114804066356, 0.2508933645059615, 0.243490642178411, 0.2363063405251845, 0.22933401494538228, 0.22256741098897267, 0.2160004587463037, 0.20962726740315665, 0.2034421199564538, 0.19743946808588167, 0.19161392717683012, 0.18596027149018143, 0.18047342947461667, 0.17514847921723503, 0.1699806440284047, 0.16496528815688427, 0.160097912631372, 0.15537415122475123, 0.15078976653741388, 0.14634064619614587, 0.14202279916516694, 0.13783235216601478, 0.13376554620306183, 0.12981873319154888, 0.12598837268510918, 0.12227102869984956, 0.11866336663213692, 0.11516215026732879, 0.11176423887676111, 0.10846658440039077, 0.10526622871256688, 0.10216030096847527, 0.09914601502887789, 0.09622066696083639, 0.09338163261217845, 0.09062636525752966, 0.08795239331380084, 0.08535731812308125, 0.082838811800948, 0.08039461514826188, 0.07802253562457745, 0.07572044538134808, 0.07348627935316183, 0.07131803340529681, 0.06921376253593375, 0.0671715791314127, 0.06518965127296943, 0.0632662010934324, 0.061399503182406036, 0.05958788303850973, 0.057829715567284494, 0.056123423623418996, 0.05446747659598857, 0.052860389035437015, 0.051300719321069825, 0.049787068367863965], "vals": [-1.27297097681761, -1.1639878275632118, -1.069623314280565, -1.0453876989234512, -1.0289374746830902, -1.0233481249501701, -1.0267860371677227, -0.9992126240535815, -1.0134160708591613, -1.0066126059299363, -1.0200468163971417, -1.03164822398131, -1.0358129929282711, -1.0364294769652802, -1.0706681331803365, -1.0639042964264498, -1.0791843927962237, -1.092021339263807, -1.1052889611835521, -1.1188940292493519, -1.1318870557645215, -1.1378425930100087, -1.1486421811845196, -1.1657618431533634, -1.1718437475781274, -1.1788995674974145, -1.1900070185715939, -1.2041073075716175, -1.2102051303619892, -1.2188186177066977, -1.226163966194481, -1.2343327373419108, -1.2415923057435951, -1.2473395945724322, -1.2519059797278054, -1.2613069166682105, -1.2658495822369615, -1.2708847974342314, -1.2782610346003667, -1.2814355428027415, -1.2881264708321796, -1.2935336806436242, -1.2953112869068886, -1.3000753342072293, -1.305603235774672, -1.3084925551271962, -1.3135757840117208, -1.3161813763062253, -1.3185443811577386, -1.3232950813443518, -1.326193103161695, -1.3283022333360543, -1.3315859701273072, -1.334316141593717, -1.3366801026236483, -1.339404411214857, -1.341531603017816, -1.3440306133802797, -1.3452610057612586, -1.3483268681652505, -1.349580780574611, -1.3510662188721985, -1.3530067101784184, -1.3545720037677464, -1.3558093170431111, -1.3575718095631952, -1.3589112136683565, -1.3599748863005128, -1.361557492121425, -1.3626630628577843, -1.3643800845441474, -1.364726856825552, -1.3655622395294191, -1.3667977292714122, -1.3671666912356248, -1.368347182334635, -1.369023892740586, -1.369742856439506, -1.3703940344033354, -1.3711118557116928, -1.3717986291431783, -1.3723605455704246, -1.3730140257192902, -1.3733710445703966, -1.3740214691710042, -1.3744963911779027, -1.3748931645895976, -1.3754077897426262, -1.3757502027366153, -1.3761627707722264, -1.3763641673004934, -1.3768085227877433, -1.3770786492799671, -1.3773724416815678, -1.3777942217245758, -1.3780794911987502, -1.378215528813039, -1.378392749872387, -1.3786302499997551, -1.378888808941552]}