{"deltas": [0.9656054162575665, 0.9371147912121053, 0.9094647949595386, 0.8826306243666844, 0.8565882081280364, 0.8313141851728568, 0.8067858837093785, 0.7829813008873164, 0.7598790830604462, 0.7374585066315447, 0.7156994594625086, 0.6945824228329764, 0.6740884539312695, 0.654199168861945, 0.6348967261547197, 0.6161638107599701, 0.597983618516452, 0.5803398410773082, 0.5632166512808398, 0.546598688952921, 0.5304710471283182, 0.514819258678558, 0.4996292833343428, 0.4848874950908785, 0.4705806699848123, 0.4566959742318185, 0.443220952714189, 0.4301435178081033, 0.4174519385405555, 0.4051348300662101, 0.3931811434547484, 0.3815801557795436, 0.370321460498775, 0.35939495812035027, 0.34879084714226427, 0.33849961526026706, 0.32851203083495284, 0.3188191346106165, 0.30941223167844967, 0.30028288367686523, 0.291422901221956, 0.2828243365612948, 0.27447947644448933, 0.26638083520409206, 0.25852114804066356, 0.2508933645059615, 0.243490642178411, 0.2363063405251845, 0.22933401494538228, 0.22256741098897267, 0.2160004587463037, 0.20962726740315665, 0.2034421199564538, 0.19743946808588167, 0.19161392717683012, 0.18596027149018143, 0.18047342947461667, 0.17514847921723503, 0.1699806440284047, 0.16496528815688427, 0.160097912631372, 0.15537415122475123, 0.15078976653741388, 0.14634064619614587, 0.14202279916516694, 0.13783235216601478, 0.13376554620306183, 0.12981873319154888, 0.12598837268510918, 0.12227102869984956, 0.11866336663213692, 0.11516215026732879, 0.11176423887676111, 0.10846658440039077, 0.10526622871256688, 0.10216030096847527, 0.09914601502887789, 0.09622066696083639, 0.09338163261217845, 0.09062636525752966, 0.08795239331380084, 0.08535731812308125, 0.082838811800948, 0.08039461514826188, 0.07802253562457745, 0.07572044538134808, 0.07348627935316183, 0.07131803340529681, 0.06921376253593375, 0.0671715791314127, 0.06518965127296943, 0.0632662010934324, 0.061399503182406036, 0.05958788303850973, 0.057829715567284494, 0.056123423623418996, 0.05446747659598857, 0.052860389035437015, 0.051300719321069825, 0.049787068367863965], "vals": [0.09254233656871225, 0.2035533497397169, 0.29440917299363834, 0.36435315630667886, 0.40971622449653267, 0.4441914029518589, 0.4710173042500162, 0.489081872326964, 0.4979227209804361, 0.5058963381225652, 0.5074171376602935, 0.5050280189363875, 0.501928917161711, 0.49170074476043435, 0.4853469533768646, 0.4752823364726383, 0.4624389386260622, 0.45057018948963, 0.4359669994584886, 0.4244606305241583, 0.41038635051401384, 0.3941018937354773, 0.3766193092571595, 0.36123316783270043, 0.3448719135302605, 0.329561915219597, 0.31218063415921005, 0.27920499631760076, 0.2819126122446911, 0.2656320383277285, 0.25314583703381055, 0.21643528903104825, 0.222379271513159, 0.20707816864406609, 0.1938498349664226, 0.18119545059291164, 0.16779622329009614, 0.13731916164141572, 0.12456781351124774, 0.13316177107844007, 0.12009955752694668, 0.10945338690490655, 0.09794050585491737, 0.0878779226218768, 0.06087273926636616, 0.06876940807053561, 0.04246203950897881, 0.05089100689095191, 0.04217785374270122, 0.017865338582946977, 0.026848911340426246, 0.019594053964877928, 0.01237942464495681, -0.011032455629800653, -0.0012108471177432465, -0.023895403837633306, -0.013716609271824151, -0.020004113455249925, -0.04054439906344895, -0.03143563457522805, -0.036171005108423984, -0.04113968580518321, -0.04597753464308267, -0.050315732376189276, -0.05473091648850245, -0.05873999599467972, -0.06289750590687086, -0.06614999518463095, -0.07058904514396608, -0.07372863284178166, -0.07685874803860383, -0.08021026935518212, -0.08300043704784082, -0.08570482332140135, -0.08837268480850355, -0.0912282258369178, -0.09370540915006616, -0.09586578942452269, -0.09827020423480681, -0.10021755727872089, -0.10242460598263112, -0.10420349423905542, -0.1062220786941791, -0.10786692301457504, -0.10937534545079498, -0.111049409501044, -0.12107196786596236, -0.11380042535558417, -0.1150735894040675, -0.11640159122335494, -0.11765498297927676, -0.11870121347545, -0.11980784822970376, -0.12086442108112634, -0.12866211535341296, -0.12272185064368997, -0.12360380934153903, -0.12441475018262822, -0.1251591224351476, -0.12585957523697]}