{"deltas": [0.9656054162575665, 0.9371147912121053, 0.9094647949595386, 0.8826306243666844, 0.8565882081280364, 0.8313141851728568, 0.8067858837093785, 0.7829813008873164, 0.7598790830604462, 0.7374585066315447, 0.7156994594625086, 0.6945824228329764, 0.6740884539312695, 0.654199168861945, 0.6348967261547197, 0.6161638107599701, 0.597983618516452, 0.5803398410773082, 0.5632166512808398, 0.546598688952921, 0.5304710471283182, 0.514819258678558, 0.4996292833343428, 0.4848874950908785, 0.4705806699848123, 0.4566959742318185, 0.443220952714189, 0.4301435178081033, 0.4174519385405555, 0.4051348300662101, 0.3931811434547484, 0.3815801557795436, 0.370321460498775, 0.35939495812035027, 0.34879084714226427, 0.33849961526026706, 0.32851203083495284, 0.3188191346106165, 0.30941223167844967, 0.30028288367686523, 0.291422901221956, 0.2828243365612948, 0.27447947644448933, 0.26638083520409206, 0.25852114804066356, 0.2508933645059615, 0.243490642178411, 0.2363063405251845, 0.22933401494538228, 0.22256741098897267, 0.2160004587463037, 0.20962726740315665, 0.2034421199564538, 0.19743946808588167, 0.19161392717683012, 0.18596027149018143, 0.18047342947461667, 0.17514847921723503, 0.1699806440284047, 0.16496528815688427, 0.160097912631372, 0.15537415122475123, 0.15078976653741388, 0.14634064619614587, 0.14202279916516694, 0.13783235216601478, 0.13376554620306183, 0.12981873319154888, 0.12598837268510918, 0.12227102869984956, 0.11866336663213692, 0.11516215026732879, 0.11176423887676111, 0.10846658440039077, 0.10526622871256688, 0.10216030096847527, 0.09914601502887789, 0.09622066696083639, 0.09338163261217845, 0.09062636525752966, 0.08795239331380084, 0.08535731812308125, 0.082838811800948, 0.08039461514826188, 0.07802253562457745, 0.07572044538134808, 0.07348627935316183, 0.07131803340529681, 0.06921376253593375, 0.0671715791314127, 0.06518965127296943, 0.0632662010934324, 0.061399503182406036, 0.05958788303850973, 0.057829715567284494, 0.056123423623418996, 0.05446747659598857, 0.052860389035437015, 0.051300719321069825, 0.049787068367863965], "probas": [{"0": {"0": 0.0, "1": 0.0}, "1": {"0": 1e-06, "1": 0.0524740930770875}, "2": {"0": 0.999999, "1": 0.9475259069229125}}, {"0": {"0": 0.0, "1": 0.0}, "1": {"0": 1e-06, "1": 0.09518359405611476}, "2": {"0": 0.999999, "1": 0.9048164059438852}}, {"0": {"0": 0.0, "1": 0.0}, "1": {"0": 1e-06, "1": 0.1359679746130511}, "2": {"0": 0.999999, "1": 0.8640320253869489}}, {"0": {"0": 0.0, "1": 0.0}, "1": {"0": 1e-06, "1": 0.17491400908509536}, "2": {"0": 0.999999, "1": 0.8250859909149046}}, {"0": {"0": 0.0, "1": 0.0}, "1": {"0": 1e-06, "1": 0.2121045604771944}, "2": {"0": 0.999999, "1": 0.7878954395228056}}, {"0": {"0": 0.0, "1": 0.0}, "1": {"0": 1e-06, "1": 0.24761875676439737}, "2": {"0": 0.999999, "1": 0.7523812432356026}}, {"0": {"0": 0.0, "1": 0.0}, "1": {"0": 1e-06, "1": 0.28153215924742514}, "2": {"0": 0.999999, "1": 0.7184678407525749}}, {"0": {"0": 0.0, "1": 0.0}, "1": {"0": 1e-06, "1": 0.3139169233196525}, "2": {"0": 0.999999, "1": 0.6860830766803475}}, {"0": {"0": 0.0, "1": 0.0}, "1": {"0": 1e-06, "1": 0.34484195198755707}, "2": {"0": 0.999999, "1": 0.6551580480124429}}, {"0": {"0": 0.0, "1": 0.0}, "1": {"0": 1e-06, "1": 0.37437304247127245}, "2": {"0": 0.999999, "1": 0.6256269575287275}}, {"0": {"0": 0.0, "1": 0.0}, "1": {"0": 1e-06, "1": 0.40257302619715585}, "2": {"0": 0.999999, "1": 0.5974269738028442}}, {"0": {"0": 0.0, "1": 0.0}, "1": {"0": 1e-06, "1": 0.4295019024802249}, "2": {"0": 0.999999, "1": 0.5704980975197751}}, {"0": {"0": 0.0, "1": 0.0}, "1": {"0": 1e-06, "1": 0.4552169661808909}, "2": {"0": 0.999999, "1": 0.5447830338191091}}, {"0": {"0": 0.0, "1": 0.0}, "1": {"0": 1e-06, "1": 0.479772929607596}, "2": {"0": 0.999999, "1": 0.520227070392404}}, {"0": {"0": 0.0, "1": 0.0}, "1": {"0": 1e-06, "1": 0.5032220389247184}, "2": {"0": 0.999999, "1": 0.49677796107528166}}, {"0": {"0": 0.0, "1": 0.0}, "1": {"0": 1e-06, "1": 0.5256141853134186}, "2": {"0": 0.999999, "1": 0.47438581468658136}}, {"0": {"0": 0.0, "1": 0.0}, "1": {"0": 1e-06, "1": 0.5469970111219393}, "2": {"0": 0.999999, "1": 0.45300298887806073}}, {"0": {"0": 0.0, "1": 0.0}, "1": {"0": 1e-06, "1": 0.5674160112312037}, "2": {"0": 0.999999, "1": 0.43258398876879633}}, {"0": {"0": 0.0, "1": 0.0}, "1": {"0": 1e-06, "1": 0.5869146298513862}, "2": {"0": 0.999999, "1": 0.4130853701486138}}, {"0": {"0": 0.0, "1": 0.0}, "1": {"0": 1e-06, "1": 0.6055343529553998}, "2": {"0": 0.999999, "1": 0.39446564704460024}}, {"0": {"0": 0.0, "1": 0.0}, "1": {"0": 1e-06, "1": 0.6233147965459673}, "2": {"0": 0.999999, "1": 0.3766852034540327}}, {"0": {"0": 0.0, "1": 0.0}, "1": {"0": 1e-06, "1": 0.6402937909440738}, "2": {"0": 0.999999, "1": 0.35970620905592626}}, {"0": {"0": 0.0, "1": 0.0}, "1": {"0": 1e-06, "1": 0.6565074612781412}, "2": {"0": 0.999999, "1": 0.3434925387218588}}, {"0": {"0": 0.0, "1": 0.0}, "1": {"0": 1e-06, "1": 0.671990304345168}, "2": {"0": 0.999999, "1": 0.32800969565483196}}, {"0": {"0": 0.0, "1": 0.0}, "1": {"0": 1e-06, "1": 0.686775262007376}, "2": {"0": 0.999999, "1": 0.31322473799262396}}, {"0": {"0": 0.0, "1": 0.0}, "1": {"0": 1e-06, "1": 0.700893791280518}, "2": {"0": 0.999999, "1": 0.299106208719482}}, {"0": {"0": 0.0, "1": 0.0}, "1": {"0": 1e-06, "1": 0.7143759312629736}, "2": {"0": 0.999999, "1": 0.28562406873702645}}, {"0": {"0": 0.0, "1": 0.0}, "1": {"0": 1e-06, "1": 0.7272503670480315}, "2": {"0": 0.999999, "1": 0.2727496329519685}}, {"0": {"0": 0.0, "1": 0.0}, "1": {"0": 1e-06, "1": 0.7395444907553415}, "2": {"0": 0.999999, "1": 0.2604555092446585}}, {"0": {"0": 0.0, "1": 0.0}, "1": {"0": 1e-06, "1": 0.7512844598113885}, "2": {"0": 0.999999, "1": 0.24871554018861156}}, {"0": {"0": 0.0, "1": 0.0}, "1": {"0": 1e-06, "1": 0.7624952526029874}, "2": {"0": 0.999999, "1": 0.23750474739701258}}, {"0": {"0": 0.0, "1": 0.0}, "1": {"0": 1e-06, "1": 0.7732007216222125}, "2": {"0": 0.999999, "1": 0.22679927837778746}}, {"0": {"0": 0.0, "1": 0.0}, "1": {"0": 1e-06, "1": 0.7834236442158287}, "2": {"0": 0.999999, "1": 0.2165763557841714}}, {"0": {"0": 0.0, "1": 0.0}, "1": {"0": 1e-06, "1": 0.7931857710472068}, "2": {"0": 0.999999, "1": 0.20681422895279317}}, {"0": {"0": 0.0, "1": 0.0}, "1": {"0": 1e-06, "1": 0.8025078723738301}, "2": {"0": 0.999999, "1": 0.1974921276261698}}, {"0": {"0": 0.0, "1": 0.0}, "1": {"0": 1e-06, "1": 0.8114097822388512}, "2": {"0": 0.999999, "1": 0.1885902177611488}}, {"0": {"0": 0.0, "1": 0.0}, "1": {"0": 1e-06, "1": 0.8199104406707267}, "2": {"0": 0.999999, "1": 0.18008955932927326}}, {"0": {"0": 0.0, "1": 0.0}, "1": {"0": 1e-06, "1": 0.8280279339807138}, "2": {"0": 0.999999, "1": 0.17197206601928616}}, {"0": {"0": 0.0, "1": 0.0}, "1": {"0": 1e-06, "1": 0.835779533243966}, "2": {"0": 0.999999, "1": 0.16422046675603397}}, {"0": {"0": 0.0, "1": 0.0}, "1": {"0": 1e-06, "1": 0.8431817310461036}, "2": {"0": 0.999999, "1": 0.15681826895389644}}, {"0": {"0": 0.0, "1": 0.0}, "1": {"0": 1e-06, "1": 0.8502502765734404}, "2": {"0": 0.999999, "1": 0.1497497234265596}}, {"0": {"0": 0.0, "1": 0.0}, "1": {"0": 1e-06, "1": 0.8570002091215286}, "2": {"0": 0.999999, "1": 0.14299979087847134}}, {"0": {"0": 0.0, "1": 0.0}, "1": {"0": 1e-06, "1": 0.863445890093312}, "2": {"0": 0.999999, "1": 0.13655410990668806}}, {"0": {"0": 0.0, "1": 0.0}, "1": {"0": 1e-06, "1": 0.8696010335549718}, "2": {"0": 0.999999, "1": 0.13039896644502819}}, {"0": {"0": 0.0, "1": 0.0}, "1": {"0": 1e-06, "1": 0.8754787354144749}, "2": {"0": 0.999999, "1": 0.12452126458552515}}, {"0": {"0": 0.0, "1": 0.0}, "1": {"0": 1e-06, "1": 0.8810915012849048}, "2": {"0": 0.999999, "1": 0.11890849871509519}}, {"0": {"0": 0.0, "1": 0.0}, "1": {"0": 1e-06, "1": 0.8864512730918621}, "2": {"0": 0.999999, "1": 0.11354872690813794}}, {"0": {"0": 0.0, "1": 0.0}, "1": {"0": 1e-06, "1": 0.8915694544815398}, "2": {"0": 0.999999, "1": 0.10843054551846018}}, {"0": {"0": 0.0, "1": 0.0}, "1": {"0": 1e-06, "1": 0.8964569350835387}, "2": {"0": 0.999999, "1": 0.10354306491646124}}, {"0": {"0": 0.0,