{"deltas": [0.9048374180359595, 0.8869204367171575, 0.8693582353988059, 0.8521437889662113, 0.835270211411272, 0.8187307530779818, 0.8025187979624785, 0.7866278610665534, 0.7710515858035663, 0.7557837414557255, 0.7408182206817178, 0.7261490370736909, 0.7117703227626098, 0.697676326071031, 0.6838614092123558, 0.6703200460356393, 0.6570468198150567, 0.6440364210831413, 0.631283645506926, 0.6187833918061408, 0.6065306597126333, 0.5945205479701943, 0.5827482523739896, 0.5712090638488149, 0.559898366565402, 0.5488116360940264, 0.5379444375946745, 0.5272924240430485, 0.5168513344916992, 0.5066169923655897, 0.49658530379140947, 0.4867522559599717, 0.4771139155210344, 0.4676664270099093, 0.4584060113052235, 0.4493289641172216, 0.4404316545059993, 0.43171052342907973, 0.4231620823177488, 0.4147829116815813, 0.40656965974059917, 0.39851904108451414, 0.39062783535852114, 0.38289288597511206, 0.3753110988513995, 0.36787944117144233, 0.3605949401730783, 0.35345468195878016, 0.3464558103300575, 0.33959552564493906, 0.33287108369807955, 0.32627979462303947, 0.31981902181630395, 0.3134861808826052, 0.3072787386011312, 0.30119421191220197, 0.2952301669240142, 0.28938421793905056, 0.2836540264997704, 0.27803730045319414, 0.27253179303401254, 0.2671353019658504, 0.26184566858032593, 0.2566607769535558, 0.25157855305975646, 0.2465969639416065, 0.24171401689703642, 0.23692775868212165, 0.23223627472975877, 0.22763768838381268, 0.2231301601484298, 0.21871188695221475, 0.2143811014269779, 0.21013607120076472, 0.2059750982048834, 0.20189651799465538, 0.1978986990836147, 0.19398004229089189, 0.1901389801015205, 0.1863739760394099, 0.18268352405273466, 0.17906614791149322, 0.1755204006169968, 0.17204486382305045, 0.16863814726859555, 0.16529888822158653, 0.16202575093388072, 0.15881742610692068, 0.1556726303679973, 0.15259010575688386, 0.149568619222635, 0.14660696213035015, 0.14370394977770287, 0.14085842092104495, 0.1380692373108928, 0.13533528323661262, 0.13265546508012177, 0.1300287108784259, 0.12745396989482075, 0.12493021219858236], "vals": [0.06889368212633404, 0.09391200781514147, 0.11448409892508976, 0.13642306666103116, 0.16016019005161392, 0.16937549390686873, 0.18624472954368693, 0.2009014738851504, 0.20292109979457668, 0.21505646731150224, 0.22106671003300832, 0.22552676403814015, 0.23887110712949994, 0.24336063095315746, 0.2433825108043614, 0.250299356337959, 0.25524358179785495, 0.25422996914050816, 0.2556298763150057, 0.25686139690581317, 0.26074128213063646, 0.2636597906100489, 0.2614067077395332, 0.26403815092001975, 0.26602139719796863, 0.26668467706500626, 0.26607092395823423, 0.26863699636911437, 0.26687171431700957, 0.2658965961861656, 0.26406884015665716, 0.26631140948549653, 0.26420585730673957, 0.2640299298482775, 0.2643381056125305, 0.2603777545413269, 0.2607767047907202, 0.25448861487229973, 0.2586931195084727, 0.25706459321326375, 0.2583856150972858, 0.2576747522893033, 0.2533699828447716, 0.2563575569728674, 0.24943391060967474, 0.2505784596600256, 0.24694315130979555, 0.24877445812584714, 0.24395358288776786, 0.24596746486982585, 0.24813147745226932, 0.2442007308760536, 0.24338051956912782, 0.2413340443064304, 0.24220919684282277, 0.239474141311039, 0.23863578816559433, 0.23756176692048708, 0.23552363674859184, 0.2353791316824853, 0.2370112282259132, 0.2333008245837252, 0.23375016069136428, 0.23248693250659597, 0.231847372005125, 0.23132568179251273, 0.23175091149435473, 0.2310413255749006, 0.22836560216808338, 0.22892673443284878, 0.22931646474282158, 0.2276053430051435, 0.22677329546244945, 0.22702741055452985, 0.2266170016431444, 0.2257557076246534, 0.2218106344993313, 0.22590335288231672, 0.22418516028100582, 0.22576269847380753, 0.22346466920965097, 0.22069859008218357, 0.2233419972642831, 0.2226322326871814, 0.22223055832549937, 0.22165481191044617, 0.22019537765395641, 0.2200179122434655, 0.22004618642546908, 0.21998488126780408, 0.22051989274965905, 0.21869969624845548, 0.21905769320420293, 0.21877021463438556, 0.21964608865531815, 0.21950177258103504, 0.22008885045831267, 0.21897412867355387, 0.22011206631953878, 0.21764213880363842]}