{"deltas": [0.8572019588371148, 0.842855534326792, 0.8152873014169071, 0.7843264302500896, 0.7562378994677377, 0.726799230093201, 0.6999052641175174, 0.6722312481850177, 0.6467145718682885, 0.620824599674439, 0.5964628189414859, 0.5731163294994281, 0.550416297255207, 0.5295116403431294, 0.5082291074229951, 0.489212756128593, 0.46931045345945005, 0.45092542778155587, 0.4331613509169015, 0.4160994279399236, 0.39986114986989274, 0.3841546751133798, 0.36960875761536743, 0.3548529148617759, 0.3409339395922829, 0.3279482461079042, 0.31455544429448823, 0.3022065218262325, 0.2903981214851222, 0.2787258163730708, 0.2680789603546092, 0.2574544984617376, 0.2477669145560841, 0.23751428775844707, 0.2284961807716918, 0.21963299503505512, 0.21059493018930137, 0.20266236101186555, 0.19460157102137035, 0.1870546230910642, 0.17985343949108434, 0.17253929488596897, 0.16556441500557914, 0.1594550861623459, 0.15303648574156764, 0.14689027745776015, 0.1410168927622414, 0.1356405590875472, 0.13040065780718596, 0.12528560499200161], "vals": [-0.0072760340000993795, 0.08844124297040615, 0.14654616567691453, 0.17500354936097984, 0.19129192721141397, 0.1960465962023351, 0.1939224201977673, 0.18491564249789622, 0.177425047868278, 0.16249537471380693, 0.15132330958730122, 0.12359306988102114, 0.1236001378407765, 0.11057900050673958, 0.09697244578648734, 0.08466321725474502, 0.05614057740069417, 0.058881127664897365, 0.04692023413592139, 0.035612635047177515, 0.024924243548666097, 0.014561698358877384, 0.005744312657094963, -0.01713202996395982, -0.01221526341688614, -0.01997817439180881, -0.028277820157958794, -0.03538222273494433, -0.042270022688772724, -0.04858898604692807, -0.054350733692662176, -0.05999693919970872, -0.0649568794722781, -0.07026515786368297, -0.07482387875671137, -0.08886632190170994, -0.08322629776588628, -0.08693943368042643, -0.09054140128518505, -0.09391036346826347, -0.09681060044068387, -0.09991831949673967, -0.10269977693909599, -0.10501044284996669, -0.10743399160708686, -0.10972030519423319, -0.11882405659062033, -0.11365406481060975, -0.11541693719400194, -0.11704510898069061], "amaxs": [0.5554888977378534, 0.5876131501594827, 0.6400874256476448, 0.6960156190755533, 0.7477075640586849, 0.7987729982065138, 0.846073849877147, 0.8910720206211863, 0.9344507767816481, 0.9766579119921603, 1.0162317457824008, 1.0553301278256908, 1.0925753054216938, 1.1280932587802193, 1.1633181605837257, 1.1964218348181805, 1.229784779647477, 1.2619493583194323, 1.2933752238661083, 1.323616997439482, 1.3534226294908949, 1.3827848518891634, 1.410960708819444, 1.4394460376945266, 1.467294825060977, 1.4941363998860029, 1.5207823693067923, 1.5468441533007176, 1.5725852343692759, 1.5976913277007743, 1.6229129265908497, 1.6472441135763187, 1.67088198225707, 1.695380816270741, 1.7182941621735934, 1.7416363886557644, 1.7645870284989311, 1.787362705724279, 1.8092572974300019, 1.831237360056886, 1.853146512907276, 1.8746189331558014, 1.896127739260772, 1.9167704690110121, 1.937784903358488, 1.9585700594454096, 1.9788377313737222, 1.998742389573751, 2.0188071939251757, 2.038259230853104]}