{"deltas": [0.9656054162575665, 0.9371147912121053, 0.9094647949595386, 0.8826306243666844, 0.8565882081280364, 0.8313141851728568, 0.8067858837093785, 0.7829813008873164, 0.7598790830604462, 0.7374585066315447, 0.7156994594625086, 0.6945824228329764, 0.6740884539312695, 0.654199168861945, 0.6348967261547197, 0.6161638107599701, 0.597983618516452, 0.5803398410773082, 0.5632166512808398, 0.546598688952921, 0.5304710471283182, 0.514819258678558, 0.4996292833343428, 0.4848874950908785, 0.4705806699848123, 0.4566959742318185, 0.443220952714189, 0.4301435178081033, 0.4174519385405555, 0.4051348300662101, 0.3931811434547484, 0.3815801557795436, 0.370321460498775, 0.35939495812035027, 0.34879084714226427, 0.33849961526026706, 0.32851203083495284, 0.3188191346106165, 0.30941223167844967, 0.30028288367686523, 0.291422901221956, 0.2828243365612948, 0.27447947644448933, 0.26638083520409206, 0.25852114804066356, 0.2508933645059615, 0.243490642178411, 0.2363063405251845, 0.22933401494538228, 0.22256741098897267, 0.2160004587463037, 0.20962726740315665, 0.2034421199564538, 0.19743946808588167, 0.19161392717683012, 0.18596027149018143, 0.18047342947461667, 0.17514847921723503, 0.1699806440284047, 0.16496528815688427, 0.160097912631372, 0.15537415122475123, 0.15078976653741388, 0.14634064619614587, 0.14202279916516694, 0.13783235216601478, 0.13376554620306183, 0.12981873319154888, 0.12598837268510918, 0.12227102869984956, 0.11866336663213692, 0.11516215026732879, 0.11176423887676111, 0.10846658440039077, 0.10526622871256688, 0.10216030096847527, 0.09914601502887789, 0.09622066696083639, 0.09338163261217845, 0.09062636525752966, 0.08795239331380084, 0.08535731812308125, 0.082838811800948, 0.08039461514826188, 0.07802253562457745, 0.07572044538134808, 0.07348627935316183, 0.07131803340529681, 0.06921376253593375, 0.0671715791314127, 0.06518965127296943, 0.0632662010934324, 0.061399503182406036, 0.05958788303850973, 0.057829715567284494, 0.056123423623418996, 0.05446747659598857, 0.052860389035437015, 0.051300719321069825, 0.049787068367863965], "vals": [-0.24067669595317048, -0.1334728450817752, -0.09715505141433799, -0.05946867379526593, -0.0501765057359903, -0.027482343679052102, -0.0388758428888638, -0.03311863934375286, -0.03413991614103567, -0.04900062436329721, -0.0563708190237474, -0.06349507675651671, -0.07868361418934776, -0.08978592589265032, -0.1002498780091504, -0.11403955449087737, -0.12807928489666692, -0.1421465509534942, -0.15642773214803557, -0.1646554886193496, -0.17642260252524433, -0.18693221002910257, -0.20059613155050587, -0.21051013185357356, -0.22039755671148673, -0.22995638385799225, -0.23822900712184766, -0.24935369314701622, -0.25771154393526663, -0.26618748487877564, -0.2741251644824662, -0.2812548016787942, -0.2893147276612146, -0.29769125477761926, -0.3032251835794947, -0.3106364444846083, -0.3168227547214634, -0.3224388065050682, -0.32782602841821973, -0.33361091441475255, -0.338568717649608, -0.34293110601352755, -0.34771094528628776, -0.35243193822560814, -0.356810587325573, -0.3603966527790376, -0.3645633723413749, -0.3684827812321858, -0.3715088073559287, -0.37496356572812634, -0.377813367236225, -0.3810253580215028, -0.383807686830212, -0.3865110432464051, -0.38899147081694385, -0.39201456693195713, -0.39383671331174486, -0.39613095249254854, -0.39812562175137245, -0.4002724544596612, -0.4018904231340184, -0.4037835823774437, -0.40543314428672567, -0.4071774572348165, -0.4088790784416181, -0.41024841860796835, -0.4114166408792571, -0.41295999316129456, -0.41409945283384003, -0.4151832907059648, -0.41628936100139236, -0.4173447084656251, -0.43321124633950725, -0.419334263520372, -0.42016222500023814, -0.42098309933314443, -0.42185338830237423, -0.4227020549515482, -0.42328759730692644, -0.4239473037377897, -0.4246302905332249, -0.4252577257434446, -0.4257610495711627, -0.4263107559134607, -0.4268825040253096, -0.42732953259548057, -0.42777954264757995, -0.4281704013138682, -0.4285952165537205, -0.4290241455154666, -0.42934945441241446, -0.4296932257798609, -0.43001873661335765, -0.4303166996598815, -0.4306390815862773, -0.4308694338177994, -0.43113568153203286, -0.4313622306107085, -0.43156371141158123, -0.43179955771561496]}