{"deltas": [0.9656054162575665, 0.9371147912121053, 0.9094647949595386, 0.8826306243666844, 0.8565882081280364, 0.8313141851728568, 0.8067858837093785, 0.7829813008873164, 0.7598790830604462, 0.7374585066315447, 0.7156994594625086, 0.6945824228329764, 0.6740884539312695, 0.654199168861945, 0.6348967261547197, 0.6161638107599701, 0.597983618516452, 0.5803398410773082, 0.5632166512808398, 0.546598688952921, 0.5304710471283182, 0.514819258678558, 0.4996292833343428, 0.4848874950908785, 0.4705806699848123, 0.4566959742318185, 0.443220952714189, 0.4301435178081033, 0.4174519385405555, 0.4051348300662101, 0.3931811434547484, 0.3815801557795436, 0.370321460498775, 0.35939495812035027, 0.34879084714226427, 0.33849961526026706, 0.32851203083495284, 0.3188191346106165, 0.30941223167844967, 0.30028288367686523, 0.291422901221956, 0.2828243365612948, 0.27447947644448933, 0.26638083520409206, 0.25852114804066356, 0.2508933645059615, 0.243490642178411, 0.2363063405251845, 0.22933401494538228, 0.22256741098897267, 0.2160004587463037, 0.20962726740315665, 0.2034421199564538, 0.19743946808588167, 0.19161392717683012, 0.18596027149018143, 0.18047342947461667, 0.17514847921723503, 0.1699806440284047, 0.16496528815688427, 0.160097912631372, 0.15537415122475123, 0.15078976653741388, 0.14634064619614587, 0.14202279916516694, 0.13783235216601478, 0.13376554620306183, 0.12981873319154888, 0.12598837268510918, 0.12227102869984956, 0.11866336663213692, 0.11516215026732879, 0.11176423887676111, 0.10846658440039077, 0.10526622871256688, 0.10216030096847527, 0.09914601502887789, 0.09622066696083639, 0.09338163261217845, 0.09062636525752966, 0.08795239331380084, 0.08535731812308125, 0.082838811800948, 0.08039461514826188, 0.07802253562457745, 0.07572044538134808, 0.07348627935316183, 0.07131803340529681, 0.06921376253593375, 0.0671715791314127, 0.06518965127296943, 0.0632662010934324, 0.061399503182406036, 0.05958788303850973, 0.057829715567284494, 0.056123423623418996, 0.05446747659598857, 0.052860389035437015, 0.051300719321069825, 0.049787068367863965], "vals": [0.031092143417758372, 0.14855707258775935, 0.2338850633967216, 0.2958166395345117, 0.3363290774600414, 0.3756539334219094, 0.4042368412255361, 0.42519321729764065, 0.43501323456789226, 0.4432646875540622, 0.44483129358492796, 0.44348574077363406, 0.42764161266693274, 0.43349834843958374, 0.4242720270368559, 0.412857864626997, 0.4004316877154847, 0.39091365364024205, 0.3745287659810234, 0.35904583823460207, 0.340628913064476, 0.3284312512104623, 0.3120815206056807, 0.2970202475412906, 0.28046438216215047, 0.2650982536736289, 0.2488719418262902, 0.23103245897248342, 0.2168501129119979, 0.20318265562008903, 0.18706692053730006, 0.1725725907678452, 0.1568334918897129, 0.14286473457672594, 0.12935672908090717, 0.1153463665646231, 0.10366749652200896, 0.09092267760114986, 0.0790716182116343, 0.06598713642093099, 0.05538316963989384, 0.0445152318634808, 0.03314649814244133, 0.023932464944058818, 0.012944466946292588, 0.004042194615456768, -0.005969607425904022, -0.025868008662185388, -0.022406825250146117, -0.03077483511605933, -0.03859166070614542, -0.046942632533736345, -0.05335349852891488, -0.05991614414695276, -0.06708434496877383, -0.07330749989163912, -0.07986512796214006, -0.08596653896201109, -0.0914794497026805, -0.10699957457812274, -0.10132866312156366, -0.10668227164533517, -0.11134299244905631, -0.11586584776891737, -0.12029539686874559, -0.12453118119431021, -0.12799013548754418, -0.14150893947489496, -0.1356502203682568, -0.13919597016106505, -0.14272721996513082, -0.1457185717928604, -0.14851914024992416, -0.15144167051950963, -0.1542314689218449, -0.15675922543314746, -0.15932129289710267, -0.1616573314389541, -0.16378955392529085, -0.16602666272810818, -0.16808628932150257, -0.17008619578523645, -0.1717167798043507, -0.1735190801802442, -0.1751927378657699, -0.17673386705512603, -0.1781865799955694, -0.17952006166719892, -0.18095683327808174, -0.18776468138210775, -0.1833871361574025, -0.18448930446299408, -0.18559732337643076, -0.18658677151434785, -0.1875437209217793, -0.18854044160430372, -0.18935993202442336, -0.19014471087373558, -0.19095339934274508, -0.19165980268555927]}