{"deltas": [0.9656054162575665, 0.9371147912121053, 0.9094647949595386, 0.8826306243666844, 0.8565882081280364, 0.8313141851728568, 0.8067858837093785, 0.7829813008873164, 0.7598790830604462, 0.7374585066315447, 0.7156994594625086, 0.6945824228329764, 0.6740884539312695, 0.654199168861945, 0.6348967261547197, 0.6161638107599701, 0.597983618516452, 0.5803398410773082, 0.5632166512808398, 0.546598688952921, 0.5304710471283182, 0.514819258678558, 0.4996292833343428, 0.4848874950908785, 0.4705806699848123, 0.4566959742318185, 0.443220952714189, 0.4301435178081033, 0.4174519385405555, 0.4051348300662101, 0.3931811434547484, 0.3815801557795436, 0.370321460498775, 0.35939495812035027, 0.34879084714226427, 0.33849961526026706, 0.32851203083495284, 0.3188191346106165, 0.30941223167844967, 0.30028288367686523, 0.291422901221956, 0.2828243365612948, 0.27447947644448933, 0.26638083520409206, 0.25852114804066356, 0.2508933645059615, 0.243490642178411, 0.2363063405251845, 0.22933401494538228, 0.22256741098897267, 0.2160004587463037, 0.20962726740315665, 0.2034421199564538, 0.19743946808588167, 0.19161392717683012, 0.18596027149018143, 0.18047342947461667, 0.17514847921723503, 0.1699806440284047, 0.16496528815688427, 0.160097912631372, 0.15537415122475123, 0.15078976653741388, 0.14634064619614587, 0.14202279916516694, 0.13783235216601478, 0.13376554620306183, 0.12981873319154888, 0.12598837268510918, 0.12227102869984956, 0.11866336663213692, 0.11516215026732879, 0.11176423887676111, 0.10846658440039077, 0.10526622871256688, 0.10216030096847527, 0.09914601502887789, 0.09622066696083639, 0.09338163261217845, 0.09062636525752966, 0.08795239331380084, 0.08535731812308125, 0.082838811800948, 0.08039461514826188, 0.07802253562457745, 0.07572044538134808, 0.07348627935316183, 0.07131803340529681, 0.06921376253593375, 0.0671715791314127, 0.06518965127296943, 0.0632662010934324, 0.061399503182406036, 0.05958788303850973, 0.057829715567284494, 0.056123423623418996, 0.05446747659598857, 0.052860389035437015, 0.051300719321069825, 0.049787068367863965], "vals": [0.07353475222421588, 0.16052219049043698, 0.21283475205902447, 0.24450495104442105, 0.2671052956346799, 0.26979488804641916, 0.2723769371741831, 0.269211972491882, 0.25296725613388316, 0.2566930344462629, 0.2477159986964918, 0.23489284659999, 0.2213536882770647, 0.1943286434553022, 0.19771574820516652, 0.1829836960115132, 0.17113822287377123, 0.1587207088935385, 0.1305429371269332, 0.13361129055015292, 0.12167362311659491, 0.11073496604935096, 0.09972660663505162, 0.0885924162571583, 0.0781600407283177, 0.06778873148089437, 0.058227647456528336, 0.049563710185723975, 0.040339873112692326, 0.03187985122534254, 0.023520520801771777, 0.015611091509123709, 0.008251314635875806, 0.0011114481114968269, -0.005782777724071209, -0.012301111066746806, -0.018384517048065985, -0.02429126333324369, -0.02989733482220297, -0.035445493850621984, -0.040688310886598786, -0.04550779670564055, -0.0501710231407685, -0.0545980858100404, -0.05899564185849797, -0.06288753294485598, -0.06695881898359216, -0.07055266328078603, -0.07397528095384533, -0.07738870562183274, -0.0806083398081911, -0.0834620809108425, -0.08641626559929552, -0.08904068897082577, -0.09173688272575145, -0.09423362760738077, -0.09649799951161699, -0.09874702651160992, -0.10900558122741147, -0.10288209603291261, -0.10467582519004709, -0.10658752183313677, -0.10824370011067666, -0.10983596040942953, -0.11135443674296305, -0.11282027831481292, -0.12094033815561646, -0.11556157977084129, -0.11680189884722716, -0.11798078535221926, -0.11907510820944746, -0.12018257977433695, -0.12111747827155761, -0.12208264844108233, -0.12293955585531613, -0.12380089701807717, -0.1297009021530287, -0.12535893085497948, -0.12608003542210292, -0.1267887046960663, -0.12739724222589208, -0.12803297122601096, -0.12858363364398534, -0.12912170414960492, -0.12963475136023547, -0.13011662301240304, -0.13056169709897222, -0.13099929619090658, -0.13493939029689492, -0.1317927922234673, -0.1321451253217626, -0.13248310426509236, -0.13281182413651912, -0.13310175741980887, -0.13339664918977198, -0.13367120464090684, -0.1366002218034362, -0.13416252663328573, -0.13439180525785027, -0.1345972000965119]}