{"deltas": [0.8551469724951395, 0.8413925158796515, 0.8158993525974597, 0.7853287524029744, 0.7561259191381431, 0.7279722602932731, 0.6989326754226561, 0.6705947410975641, 0.6457636009185458, 0.6217312157264003, 0.596721587403698, 0.5732702201226921, 0.5508261461746878, 0.5292927146372066, 0.508078367291073, 0.4882402202378833, 0.46944539170404015, 0.45119688917262213, 0.4331805543554653, 0.4162181150484991, 0.4003271278444767, 0.38438149047984826, 0.36933891644087774, 0.3545717084636901, 0.34071127239492943, 0.3275582659084841, 0.31442036779336496, 0.30225894776369244, 0.29077763846281374, 0.27934308931995855, 0.26778231134525077, 0.25735589265930264, 0.2474995644756678, 0.23796012189834712, 0.228513555986287, 0.21939044679928973, 0.21060362697946006, 0.20242631748717602, 0.19453544067214554, 0.1867435176424936, 0.17959004215235516, 0.17250258405275318, 0.16574583858700276, 0.15918945616140048, 0.15294701106814923, 0.1470034045320682, 0.14117744092894188, 0.13555649031642517, 0.13038998180413638, 0.1251591278501045], "vals": [-0.006740658387289877, 0.09103384278790749, 0.14700090968031276, 0.17519192912105502, 0.18878224576830677, 0.19722106099271058, 0.19302052478445586, 0.1833906870421479, 0.17603876899528265, 0.16566586488016838, 0.15125064687135192, 0.13856876881136265, 0.11015347960398636, 0.11056974810373435, 0.09739885201869067, 0.08406115170892009, 0.07130380634475372, 0.05891223401849585, 0.03291099536869729, 0.035067027272075835, 0.02541773238210082, 0.015274953620168896, 0.005599452703831442, -0.0038135448325835593, -0.012321858426921989, -0.020276197081184902, -0.028069660383662917, -0.03517398366147209, -0.04179933164935273, -0.04818093752027838, -0.05462663663268029, -0.0600506219327908, -0.06526961214803136, -0.0700938142136459, -0.07474096166824873, -0.07928818703062526, -0.08342371671722763, -0.08706588669261424, -0.0905183337696976, -0.09396627002591769, -0.09699526725093839, -0.09992356143063111, -0.10261128121033172, -0.10513685460870688, -0.10751595741885188, -0.10969547513128655, -0.1118108372523381, -0.11365259622621637, -0.11535150177204008, -0.117101213590768], "amaxs": [0.5574156211132891, 0.58733765619668, 0.6408159254069448, 0.6948771619101788, 0.7475918037403362, 0.7982329852658917, 0.8465689230489082, 0.8920479983283525, 0.9359452313591786, 0.9764592139158385, 1.016136864502378, 1.0555074890005312, 1.0921144056907048, 1.1284001139507172, 1.1625497084874048, 1.1971019152929498, 1.2296443992677677, 1.2613877295785225, 1.29286774667464, 1.3239910427129409, 1.3534548037260892, 1.382907808589759, 1.4112996063990433, 1.439764992377187, 1.467196215152582, 1.4942616261823363, 1.521030428671527, 1.5465187811181063, 1.5723164306783788, 1.59739559584207, 1.6229525564404592, 1.6470918963782133, 1.6712358381607852, 1.694904047077242, 1.7183756591644517, 1.7416866206648582, 1.764837729753938, 1.7871702220760892, 1.8094432219939776, 1.8313097658354713, 1.8531444191036748, 1.8744298095804637, 1.8960238617190464, 1.9171084217346164, 1.937662758320401, 1.9581887222115122, 1.9786854951640067, 1.9987929989971014, 2.018636785395979, 2.0388014139347423]}