{"deltas": [0.9656054162575665, 0.9371147912121053, 0.9094647949595386, 0.8826306243666844, 0.8565882081280364, 0.8313141851728568, 0.8067858837093785, 0.7829813008873164, 0.7598790830604462, 0.7374585066315447, 0.7156994594625086, 0.6945824228329764, 0.6740884539312695, 0.654199168861945, 0.6348967261547197, 0.6161638107599701, 0.597983618516452, 0.5803398410773082, 0.5632166512808398, 0.546598688952921, 0.5304710471283182, 0.514819258678558, 0.4996292833343428, 0.4848874950908785, 0.4705806699848123, 0.4566959742318185, 0.443220952714189, 0.4301435178081033, 0.4174519385405555, 0.4051348300662101, 0.3931811434547484, 0.3815801557795436, 0.370321460498775, 0.35939495812035027, 0.34879084714226427, 0.33849961526026706, 0.32851203083495284, 0.3188191346106165, 0.30941223167844967, 0.30028288367686523, 0.291422901221956, 0.2828243365612948, 0.27447947644448933, 0.26638083520409206, 0.25852114804066356, 0.2508933645059615, 0.243490642178411, 0.2363063405251845, 0.22933401494538228, 0.22256741098897267, 0.2160004587463037, 0.20962726740315665, 0.2034421199564538, 0.19743946808588167, 0.19161392717683012, 0.18596027149018143, 0.18047342947461667, 0.17514847921723503, 0.1699806440284047, 0.16496528815688427, 0.160097912631372, 0.15537415122475123, 0.15078976653741388, 0.14634064619614587, 0.14202279916516694, 0.13783235216601478, 0.13376554620306183, 0.12981873319154888, 0.12598837268510918, 0.12227102869984956, 0.11866336663213692, 0.11516215026732879, 0.11176423887676111, 0.10846658440039077, 0.10526622871256688, 0.10216030096847527, 0.09914601502887789, 0.09622066696083639, 0.09338163261217845, 0.09062636525752966, 0.08795239331380084, 0.08535731812308125, 0.082838811800948, 0.08039461514826188, 0.07802253562457745, 0.07572044538134808, 0.07348627935316183, 0.07131803340529681, 0.06921376253593375, 0.0671715791314127, 0.06518965127296943, 0.0632662010934324, 0.061399503182406036, 0.05958788303850973, 0.057829715567284494, 0.056123423623418996, 0.05446747659598857, 0.052860389035437015, 0.051300719321069825, 0.049787068367863965], "vals": [-0.23226667262788708, -0.15376222802925615, -0.09033510961255768, -0.05741834439335957, -0.03974585613873471, -0.040293234932406545, -0.03827266017949781, -0.02938250609948544, -0.04794056649591793, -0.047769796905797184, -0.06013597444489093, -0.06862971775924163, -0.07776895519107245, -0.08627265161002527, -0.10616794089799618, -0.11369731460424463, -0.1265071758658035, -0.14006788759823674, -0.15277760406302976, -0.16541615765787826, -0.1758481966330166, -0.18975710210843497, -0.19954449443064853, -0.21139461151673125, -0.2202392504209233, -0.23143951567218501, -0.2398008103143479, -0.24865298939310815, -0.258817342976582, -0.2659990236033636, -0.2739665217777225, -0.2836956051129801, -0.29007682482560027, -0.29640783638259993, -0.30319017746565147, -0.3105516768120679, -0.3154126749997531, -0.322436941820997, -0.3277351638914162, -0.33301502350144596, -0.3384752860644198, -0.34334641277669475, -0.3477121787197367, -0.35221369094786775, -0.3564119841089678, -0.3610027747197118, -0.3643629383065609, -0.3680578656763392, -0.3713812883137003, -0.37473042351893604, -0.37793329469675957, -0.380693856015499, -0.383783048875218, -0.38663959726768804, -0.3890554922335215, -0.3913928008548653, -0.39398396313413464, -0.39611949971197574, -0.3981979008347507, -0.40013757026400604, -0.4021076131326431, -0.4038605548818089, -0.4055253139748626, -0.40709509620505696, -0.4087102572937522, -0.4102230590040549, -0.41160252631311217, -0.4128436594465749, -0.4140562664716274, -0.41518045636234496, -0.4163307639630417, -0.41740953361805605, -0.4183264234515356, -0.4192861828843907, -0.420196316505767, -0.4210336248933973, -0.4218266044108919, -0.42266770076017884, -0.4233123567638003, -0.4240003634427748, -0.4246344634054111, -0.4252605394429775, -0.4258346258200939, -0.426317255720818, -0.4268259614977522, -0.4273294553447444, -0.42780239504503825, -0.4281897405515809, -0.42863910088046897, -0.42898307316742634, -0.42934536809187157, -0.42967620789237815, -0.430042359814468, -0.43031072762856504, -0.43058935897585604, -0.4308344101386287, -0.4311028079758389, -0.4313521852937446, -0.4315841100746197, -0.43178860646732176]}