{"deltas": [0.9656054162575665, 0.9089090870238311, 0.8555417301575443, 0.8053078822632268, 0.7580235567420667, 0.7135155699222087, 0.6716209067558669, 0.6321861237600626, 0.5950667870141937, 0.5601269431560494, 0.5272386214387339, 0.4962813650247355, 0.46714178980045507, 0.4397131690953094, 0.41389504278439926, 0.3895928493430404, 0.3667175795055209, 0.34518545025957476, 0.3249175979825411, 0.3058397895952911, 0.28788215067599404, 0.27097890953790965, 0.2550681563338681, 0.2400916163051309, 0.22599443634413496, 0.2127249840893831, 0.200234658816647, 0.18847771343384986, 0.1774110869276696, 0.1669942466481791, 0.15718903985387575, 0.14795955397336896, 0.13927198507191912, 0.13109451404107406, 0.12339719005793391, 0.116151820887204, 0.10933186962425238, 0.10291235750098666, 0.0968697723985648, 0.0911819827318578, 0.08582815639025916, 0.08078868443795116, 0.0760451092941756, 0.07158005713045831, 0.06737717423718803, 0.06342106712648458, 0.059697246151977044, 0.05619207243899422, 0.05289270793079297, 0.049787068367863965], "vals": [0.0996960442264829, 0.3029181441866583, 0.41457236957928323, 0.4782224757205341, 0.508513013936107, 0.515517670847515, 0.5095544897165134, 0.49469557907226197, 0.46878505155646855, 0.4412773903577918, 0.4109656421017073, 0.3771969180288241, 0.34485999039472987, 0.3128234533467804, 0.2802307263121755, 0.24975448877168765, 0.2207972391282132, 0.19349883101424542, 0.16680489351163325, 0.1419962493466908, 0.11843555847126756, 0.09657774613148092, 0.07691824111484488, 0.05763978418582011, 0.04094906939109543, 0.02448439068179039, 0.010318243838256618, -0.003284694272544894, -0.015796295937762005, -0.02710944016601443, -0.03748211782516621, -0.04726038571588773, -0.05613636119095579, -0.0641030977009086, -0.07115228903359064, -0.07778058256094185, -0.08390854693534808, -0.08922349059786829, -0.09426315933152281, -0.0986569096558208, -0.10265002041417297, -0.10635884814696597, -0.10960399826594854, -0.11248994635344903, -0.11519228930637752, -0.11756289010786533, -0.11969144228589139, -0.12155969660393721, -0.12330738707248949, -0.12481299782838622], "vals2": [0.08878146601267689, 0.2965852358670056, 0.4043789523490683, 0.4689196318553809, 0.5019326310473174, 0.5103068197492796, 0.5016637404313871, 0.49026444844634076, 0.4616101479664507, 0.4371014493803086, 0.405483760764209, 0.3738326825565942, 0.3415385772264926, 0.30912469536745124, 0.27739195406354655, 0.2448884776720795, 0.21838677058031974, 0.1910674616683567, 0.16494810695861473, 0.13943175342787173, 0.1156607961967725, 0.09431107633294367, 0.07450293661756319, 0.05601517043769544, 0.03952178586637964, 0.022571187559296102, 0.008273567556728922, -0.004865242463837405, -0.01756987976698514, -0.029078756057626567, -0.03927740993855615, -0.049051307534286756, -0.05796874810830631, -0.06575221627389627, -0.0726378986584793, -0.07903647861208939, -0.08518781195916723, -0.09052265079197415, -0.09545095704885907, -0.09974327189675244, -0.10397539504674601, -0.10755634013098937, -0.11078208646727786, -0.11371225168160129, -0.11630484371802116, -0.11866768594365923, -0.12075893591394811, -0.1226747994027051, -0.12438763579275994, -0.1258844121670777], "vals3": [0.09969333421926542, 0.3029187606344504, 0.414547098672839, 0.47814584756618145, 0.5084187239781448, 0.515369616518862, 0.5091877136915955, 0.49424956428740235, 0.4681899552608154, 0.44052120635153286, 0.4101453681957314, 0.3760901094984651, 0.3435585638913433, 0.3113368503546039, 0.27854180639510706, 0.2480177883412807, 0.2189504272327652, 0.19157341737744996, 0.16475253517271699, 0.13986159866212264, 0.11620306666959075, 0.09428428078493796, 0.07461381976846668, 0.05531845171417493, 0.038667179382245516, 0.022210555223843825, 0.0081170214971405, -0.00546899578054902, -0.017968043114051344, -0.029243484813682375, -0.03953418219171334, -0.04925241198998144, -0.05802461094324866, -0.065941998186269, -0.07289965444031489, -0.07948341610744411, -0.08554357912611185, -0.09075189576335155, -0.0957513007647141, -0.10008165139059504, -0.10398861858558961, -0.10756674865285262, -0.11080150249564122, -0.11360573057088241, -0.11623219107650487, -0.1185548544204404, -0.12057023571436506, -0.1224336375199051, -0.12413517964962092, -0.12549853166302752], "theos": [0.2399139305164475, 0.45196460590539367, 0.573880145570711, 0.6460010932912068, 0.6858974927083787, 0.7035062264220358, 0.7051543774673776, 0.6955836721911011, 0.67796188140077, 0.6544773809360835, 0.6272100680822383, 0.5972801553304912, 0.5658566096302327, 0.5337125415545145, 0.5015142480581956, 0.4697617476873459, 0.43868048370835844, 0.40853823708170545, 0.3795838296726739, 0.3519003648438881, 0.32560012837531627, 0.3007055210755585, 0.2772201622124655, 0.25518967256018854, 0.23452602167046344, 0.21523302362074936, 0.19724100063825034, 0.1804748990707532, 0.16490029080277946, 0.15046218521456645, 0.1371120350750097, 0.12479145943369563, 0.11343495758149214, 0.1029332248068302, 0.09328359549969445, 0.08440407724286914, 0.07629409903196471, 0.06887198582076426, 0.06208300113215959, 0.05588649080089958, 0.050261332421328575, 0.04516792169003914, 0.04050564353846742, 0.03630519696485823, 0.03250917136565423, 0.029081615066363753, 0.0260015684950341, 0.02320931937372439, 0.02070862571427856, 0.01848466843678409]}