{"deltas": [0.951229424500714, 0.9417645335842487, 0.9323938199059483, 0.9231163463866358, 0.9139311852712282, 0.9048374180359596, 0.8958341352965282, 0.8869204367171575, 0.8780954309205613, 0.8693582353988059, 0.8607079764250578, 0.8521437889662113, 0.8436648165963837, 0.835270211411272, 0.8269591339433623, 0.8187307530779818, 0.8105842459701871, 0.8025187979624785, 0.794533602503334, 0.7866278610665535, 0.7788007830714049, 0.7710515858035663, 0.7633794943368531, 0.7557837414557255, 0.7482635675785653, 0.7408182206817179, 0.7334469562242892, 0.7261490370736908, 0.7189237334319262, 0.7117703227626098, 0.7046880897187134, 0.697676326071031, 0.6907343306373547, 0.6838614092123559, 0.6770568744981647, 0.6703200460356393, 0.6636502501363194, 0.6570468198150567, 0.6505090947233165, 0.6440364210831413, 0.6376281516217733, 0.631283645506926, 0.6250022682827008, 0.6187833918061408, 0.612626394184416, 0.6065306597126334, 0.6004955788122659, 0.5945205479701944, 0.5886049696783553, 0.5827482523739895, 0.5769498103804866, 0.5712090638488149, 0.5655254386995371, 0.5598983665654019, 0.554327284734507, 0.5488116360940263, 0.5433508690744998, 0.5379444375946745, 0.5325918010068972, 0.5272924240430485, 0.5220457767610159, 0.5168513344916993, 0.5117085777865424, 0.5066169923655895, 0.5015760690660555, 0.4965853037914095, 0.49164419746096505, 0.48675225595997157, 0.4819089900902024, 0.4771139155210343, 0.47236655274101463, 0.46766642700990924, 0.463013068311228, 0.4584060113052235, 0.4538447952823558, 0.44932896411722156, 0.44485806622294116, 0.44043165450599925, 0.43604928632153556, 0.4317105234290796, 0.4274149319487267, 0.4231620823177488, 0.4189515492476389, 0.41478291168158127, 0.4106557527523455, 0.4065696597405991, 0.4025242240336359, 0.39851904108451414, 0.3945537103716011, 0.3906278353585211, 0.3867410234545011, 0.38289288597511206, 0.3790830381033987, 0.37531109885139946, 0.37157669102204566, 0.3678794411714422, 0.3642189795715234, 0.3605949401730783, 0.3570069605691474, 0.35345468195878005], "vals": [0.07077923260039817, 0.09618341478943787, 0.11137585235818087, 0.12819964847829773, 0.14590185824144536, 0.15703783622422202, 0.16628188538111704, 0.17244297529764369, 0.17819237991523657, 0.18539243529533783, 0.18186480559518364, 0.1894681182622256, 0.1953196227968917, 0.19714817050860362, 0.18973002076602136, 0.19630700053011435, 0.19737946399888134, 0.19871887065370814, 0.19364314498779495, 0.19521562877994897, 0.19384788215239962, 0.19186408038202224, 0.19025764730326727, 0.18710694479675333, 0.1868720385297759, 0.1822575720925424, 0.17948804754350262, 0.17856672071540197, 0.17652563113271086, 0.17277271144016498, 0.16909872531339715, 0.16477115355772326, 0.16309935535725334, 0.16024950485912443, 0.14609178578712828, 0.15434785088748354, 0.1398344797716357, 0.14903351219612487, 0.1338982290774004, 0.14205978286725424, 0.13911594620632867, 0.1355736097590246, 0.1335204630059797, 0.1306283212760177, 0.12691506450095286, 0.12431820761230744, 0.12204883373026282, 0.11878969577353521, 0.11657926417091397, 0.11290045411178656, 0.1119780043654241, 0.10870923781189407, 0.10554308885764568, 0.10242563751135364, 0.10010824101437471, 0.09751620853131365, 0.09580409636655146, 0.08258613054533698, 0.09104898834197522, 0.0881401728137326, 0.08603229089169345, 0.08297428100874088, 0.08189000460420212, 0.07858578151400528, 0.0774220639694557, 0.07464075193051975, 0.07236076454049448, 0.07063595008370946, 0.06846044936721976, 0.06635979903685471, 0.06442416531396647, 0.06282265643035814, 0.06088239703227158, 0.05933858343233714, 0.05643171595152982, 0.05577243156155856, 0.053818675469481964, 0.05174808218358465, 0.050085582075523744, 0.04837916262566286, 0.046576664877779755, 0.036608347133342295, 0.043602299281132906, 0.042203901715432174, 0.040603386061789815, 0.03890251701267497, 0.037766823097987456, 0.036226989137679216, 0.034811813870897074, 0.033488351990766496, 0.03208228712757452, 0.030502170417046698, 0.029319473030013227, 0.02835868015186918, 0.026893134901831983, 0.02582870014964006, 0.02447100622195797, 0.022938249595300164, 0.02208102747287985, 0.020754375762700783]}