{"deltas": [0.9656054162575665, 0.9371147912121053, 0.9094647949595386, 0.8826306243666844, 0.8565882081280364, 0.8313141851728568, 0.8067858837093785, 0.7829813008873164, 0.7598790830604462, 0.7374585066315447, 0.7156994594625086, 0.6945824228329764, 0.6740884539312695, 0.654199168861945, 0.6348967261547197, 0.6161638107599701, 0.597983618516452, 0.5803398410773082, 0.5632166512808398, 0.546598688952921, 0.5304710471283182, 0.514819258678558, 0.4996292833343428, 0.4848874950908785, 0.4705806699848123, 0.4566959742318185, 0.443220952714189, 0.4301435178081033, 0.4174519385405555, 0.4051348300662101, 0.3931811434547484, 0.3815801557795436, 0.370321460498775, 0.35939495812035027, 0.34879084714226427, 0.33849961526026706, 0.32851203083495284, 0.3188191346106165, 0.30941223167844967, 0.30028288367686523, 0.291422901221956, 0.2828243365612948, 0.27447947644448933, 0.26638083520409206, 0.25852114804066356, 0.2508933645059615, 0.243490642178411, 0.2363063405251845, 0.22933401494538228, 0.22256741098897267, 0.2160004587463037, 0.20962726740315665, 0.2034421199564538, 0.19743946808588167, 0.19161392717683012, 0.18596027149018143, 0.18047342947461667, 0.17514847921723503, 0.1699806440284047, 0.16496528815688427, 0.160097912631372, 0.15537415122475123, 0.15078976653741388, 0.14634064619614587, 0.14202279916516694, 0.13783235216601478, 0.13376554620306183, 0.12981873319154888, 0.12598837268510918, 0.12227102869984956, 0.11866336663213692, 0.11516215026732879, 0.11176423887676111, 0.10846658440039077, 0.10526622871256688, 0.10216030096847527, 0.09914601502887789, 0.09622066696083639, 0.09338163261217845, 0.09062636525752966, 0.08795239331380084, 0.08535731812308125, 0.082838811800948, 0.08039461514826188, 0.07802253562457745, 0.07572044538134808, 0.07348627935316183, 0.07131803340529681, 0.06921376253593375, 0.0671715791314127, 0.06518965127296943, 0.0632662010934324, 0.061399503182406036, 0.05958788303850973, 0.057829715567284494, 0.056123423623418996, 0.05446747659598857, 0.052860389035437015, 0.051300719321069825, 0.049787068367863965], "vals": [-1.2261638706477558, -1.1154377141451994, -1.0751679023211065, -1.0489524468590037, -1.0417349661073172, -0.9942590339249722, -1.0060383171479486, -1.0052369262877683, -1.0079069206297069, -1.0170439984080502, -1.0441425086971834, -1.0169906483655842, -1.038967997792583, -1.0549945239554994, -1.070642725955491, -1.072493196776041, -1.07620311063832, -1.099537897499061, -1.100736384225719, -1.1174129465408291, -1.1291572111168513, -1.151222482921579, -1.1510847839907699, -1.1655385366991013, -1.165957451532841, -1.1832495630167148, -1.1977813325680204, -1.2012792282425626, -1.2094270964995468, -1.2155305364231246, -1.2234396808227581, -1.2298066981406508, -1.2393229770460896, -1.2447698669693545, -1.2531475490667268, -1.261003566134936, -1.2641742261037474, -1.2706870085912263, -1.274715336396891, -1.2811693007613885, -1.2884518761140529, -1.2934701904517405, -1.2967260099922175, -1.3006945018377145, -1.3037253823984463, -1.309915728141391, -1.313200340047288, -1.315349933652024, -1.3204721069475538, -1.323071929982677, -1.3251994430197505, -1.3287628942573009, -1.3317801217598388, -1.3339894861217332, -1.336666599292516, -1.3387458251245046, -1.341356383605106, -1.3432143747292953, -1.3454182336792009, -1.3473979618835374, -1.3492658350603428, -1.3510004607728663, -1.35351179669149, -1.354255839741313, -1.3568212883381148, -1.3574066617655975, -1.358944269483635, -1.3598692794677458, -1.361850547308252, -1.3625570460952678, -1.3635842060299277, -1.3647543300369955, -1.3652533278812273, -1.366450328068192, -1.3675954901773353, -1.368150057823775, -1.369174319069845, -1.3698601938187127, -1.3706066660675924, -1.3709796061764286, -1.371619752714657, -1.3724380911114804, -1.3729896675446258, -1.373432742508382, -1.3739392366568004, -1.3744202546304836, -1.3748871521929575, -1.375243967023799, -1.3756533269016045, -1.3761253190667464, -1.3765461048909557, -1.3767924159591127, -1.377068660278569, -1.3773206098955837, -1.3777589735929947, -1.3779613579280219, -1.3781235907369627, -1.3784137296799814, -1.3786129528666107, -1.3788480419353033]}