{"deltas": [0.9656054162575665, 0.9371147912121053, 0.9094647949595386, 0.8826306243666844, 0.8565882081280364, 0.8313141851728568, 0.8067858837093785, 0.7829813008873164, 0.7598790830604462, 0.7374585066315447, 0.7156994594625086, 0.6945824228329764, 0.6740884539312695, 0.654199168861945, 0.6348967261547197, 0.6161638107599701, 0.597983618516452, 0.5803398410773082, 0.5632166512808398, 0.546598688952921, 0.5304710471283182, 0.514819258678558, 0.4996292833343428, 0.4848874950908785, 0.4705806699848123, 0.4566959742318185, 0.443220952714189, 0.4301435178081033, 0.4174519385405555, 0.4051348300662101, 0.3931811434547484, 0.3815801557795436, 0.370321460498775, 0.35939495812035027, 0.34879084714226427, 0.33849961526026706, 0.32851203083495284, 0.3188191346106165, 0.30941223167844967, 0.30028288367686523, 0.291422901221956, 0.2828243365612948, 0.27447947644448933, 0.26638083520409206, 0.25852114804066356, 0.2508933645059615, 0.243490642178411, 0.2363063405251845, 0.22933401494538228, 0.22256741098897267, 0.2160004587463037, 0.20962726740315665, 0.2034421199564538, 0.19743946808588167, 0.19161392717683012, 0.18596027149018143, 0.18047342947461667, 0.17514847921723503, 0.1699806440284047, 0.16496528815688427, 0.160097912631372, 0.15537415122475123, 0.15078976653741388, 0.14634064619614587, 0.14202279916516694, 0.13783235216601478, 0.13376554620306183, 0.12981873319154888, 0.12598837268510918, 0.12227102869984956, 0.11866336663213692, 0.11516215026732879, 0.11176423887676111, 0.10846658440039077, 0.10526622871256688, 0.10216030096847527, 0.09914601502887789, 0.09622066696083639, 0.09338163261217845, 0.09062636525752966, 0.08795239331380084, 0.08535731812308125, 0.082838811800948, 0.08039461514826188, 0.07802253562457745, 0.07572044538134808, 0.07348627935316183, 0.07131803340529681, 0.06921376253593375, 0.0671715791314127, 0.06518965127296943, 0.0632662010934324, 0.061399503182406036, 0.05958788303850973, 0.057829715567284494, 0.056123423623418996, 0.05446747659598857, 0.052860389035437015, 0.051300719321069825, 0.049787068367863965], "vals": [-1.3196839559496032, -1.0951456761710696, -1.0226465946929895, -0.9124369775338852, -0.9650710452983247, -0.8732493421128737, -0.8579658234112268, -0.8416065646246291, -0.7698900819779053, -0.8296142545788319, -0.7783008435106131, -0.8201388774458955, -0.8202242047637367, -0.7682816877609164, -0.7705212764425213, -0.8520355118801557, -0.819659569659412, -0.8477387029003138, -0.8565467679453149, -0.8680846135354061, -0.8489017178833034, -0.8884045758670291, -0.8735318019302309, -0.8929857379494945, -0.9374768761529249, -0.914399350764477, -0.9360313377012942, -1.002434749607845, -0.9787343061289715, -0.9853095151585598, -1.0252034237583332, -1.0328705549314732, -1.0355018823480284, -1.050261231388506, -1.0801538146211105, -1.08597915178651, -1.0944868671911416, -1.0949663385026474, -1.1105824341010386, -1.1194106833792274, -1.1349317445600273, -1.1544619184528206, -1.1558134967226763, -1.163953962408292, -1.1673654987448923, -1.1887531096963428, -1.1825174744582292, -1.1957639823528188, -1.2071139399243944, -1.2238905473404453, -1.2190423133307235, -1.2366481149843074, -1.241890532914918, -1.2528766228105983, -1.2542143059514015, -1.2607346039193839, -1.2656191825316343, -1.2716131144921887, -1.275271597931618, -1.2823347660079438, -1.286438697149682, -1.288748177148139, -1.2958947026959755, -1.2998863758372696, -1.3007366138278202, -1.3057193255971662, -1.3116148992811105, -1.3153202567764883, -1.3201147992087283, -1.3188208112790993, -1.3254355237340838, -1.3274818867844087, -1.3272213846331067, -1.3337510705593516, -1.335839730854687, -1.338077037249995, -1.3395911747830807, -1.3424981856745393, -1.3441046030660502, -1.3464040725361242, -1.3493655938294578, -1.3504334320675895, -1.3514786154109073, -1.3530634070954544, -1.355775547736057, -1.3567414715148005, -1.3586158928963563, -1.3593487503961477, -1.3600613458707986, -1.3620131490825573, -1.362944893231877, -1.3636594557840191, -1.3640522356426015, -1.3660962876856897, -1.3669131981012799, -1.3678586558171084, -1.3689866482758588, -1.3694693756626384, -1.3699291969005614, -1.3703790110589997]}